Entité;Jo;Match;Date;Heure;EQA_no;EQA_nom;EQB_no;EQB_nom;Set;Score;Total;Salle;Arb1_Lic;Arb1_Nom;Arb1_LR;Arb1_CD;Arb2_Lic;Arb2_Nom;Arb2_LR;Arb2_CD;
PTCA06;01;2FAA001;2023-11-25;10:00;0068779;COV EVERCOV 1;0062701;ASM CAMAAUCA;;;;STADE DES BOUILLIDES;0;;;;0;;;;;
PTCA06;01;2FAA002;2023-10-27;19:00;0062701;ASM PAMALABA;0062701;ASM TENERIFE CREW; 0/2;18-21,14-21;32-42;CENTRE DE LOISIR ALBERT II;0;;;;0;;;;;
PTCA06;01;2FAA003;2023-12-16;10:00;0068669;ETOILE SPORTIVE DE VILLENEUVE;0068779;COV EVERCOV 2;;;;LA FIGHIERE;0;;;;0;;;;;
PTCA06;02;2FAA004;2023-11-18;11:00;0068669;ETOILE SPORTIVE DE VILLENEUVE;0062701;ASM CAMAAUCA; 0/2;8-21,6-21;14-42;LA FIGHIERE;0;;;;0;;;;;
PTCA06;02;2FAA005;2023-11-12;11:00;0068779;COV EVERCOV 2;0062701;ASM PAMALABA; 0/2;14-21,11-21;25-42;STADE DES BOUILLIDES;0;;;;0;;;;;
PTCA06;02;2FAA006;2023-11-25;13:00;0062701;ASM TENERIFE CREW;0068779;COV EVERCOV 1;;;;BOUILLIDES;0;;;;0;;;;;
PTCA06;03;2FAA007;2023-11-15;18:30;0062701;ASM CAMAAUCA;0062701;ASM TENERIFE CREW; 1/2;18-21,21-18,13-15;52-54;CENTRE DE LOISIR ALBERT II;0;;;;0;;;;;
PTCA06;03;2FAA008;2023-11-18;09:00;0068779;COV EVERCOV 1;0068779;COV EVERCOV 2; 2/0;21-14,21-10;42-24;STADE DES BOUILLIDES;0;;;;0;;;;;
PTCA06;03;2FAA009;2023-11-17;19:00;0062701;ASM PAMALABA;0068669;ETOILE SPORTIVE DE VILLENEUVE; 2/0;21-6,21-11;42-17;CENTRE DE LOISIR ALBERT II;0;;;;0;;;;;
PTCA06;04;2FAA010;2023-12-01;19:00;0062701;ASM PAMALABA;0062701;ASM CAMAAUCA;;;;CENTRE DE LOISIR ALBERT II;0;;;;0;;;;;
PTCA06;04;2FAA011;2023-12-02;10:00;0068669;ETOILE SPORTIVE DE VILLENEUVE;0068779;COV EVERCOV 1;;;;LA FIGHIERE;0;;;;0;;;;;
PTCA06;04;2FAA012;2023-12-02;10:00;0068779;COV EVERCOV 2;0062701;ASM TENERIFE CREW;;;;STADE DES BOUILLIDES;0;;;;0;;;;;
PTCA06;05;2FAA013;2023-12-06;18:30;0062701;ASM CAMAAUCA;0068779;COV EVERCOV 2;;;;CENTRE DE LOISIR ALBERT II;0;;;;0;;;;;
PTCA06;05;2FAA014;2023-12-11;18:30;0062701;ASM TENERIFE CREW;0068669;ETOILE SPORTIVE DE VILLENEUVE;;;;CENTRE DE LOISIR ALBERT II;0;;;;0;;;;;
PTCA06;05;2FAA015;2023-12-09;10:00;0068779;COV EVERCOV 1;0062701;ASM PAMALABA;;;;STADE DES BOUILLIDES;0;;;;0;;;;;
PTCA06;01;2MAA001;2023-11-05;18:00;0062701;ASM BINS;0066927;NVB VB CALZONE; 2/0;21-9,21-11;42-20;CENTRE DE LOISIR ALBERT II;0;;;;0;;;;;
PTCA06;01;2MAA002;2023-10-23;19:00;0062701;ASM LA MANITA;0068669;ESVL LES VIKINGS; 1/2;21-18,19-21,12-15;52-54;CENTRE DE LOISIR ALBERT II;0;;;;0;;;;;
PTCA06;01;2MAA003;2023-10-28;14:00;0068669;ESVL WARRIORS;0062701;ASM CHAMTOU; 2/0;21-0,21-0;42-0;LA FIGHIERE;0;;;;0;;;;;
PTCA06;02;2MAA004;2023-11-11;14:00;0068669;ESVL WARRIORS;0066927;NVB VB CALZONE; 2/0;21-16,21-11;42-27;LA FIGHIERE;0;;;;0;;;;;
PTCA06;02;2MAA005;2023-11-07;19:00;0062701;ASM CHAMTOU;0062701;ASM LA MANITA; 2/0;21-18,21-15;42-33;CENTRE DE LOISIR ALBERT II;0;;;;0;;;;;
PTCA06;02;2MAA006;2023-11-03;12:15;0068669;ESVL LES VIKINGS;0062701;ASM BINS; 0/2;16-21,17-21;33-42;LA FIGHIERE;0;;;;0;;;;;
PTCA06;03;2MAA007;2023-11-17;12:00;0066927;NVB VB CALZONE;0068669;ESVL LES VIKINGS; 0/2;19-21,12-21;31-42;LA FIGHIERE;0;;;;0;;;;;
PTCA06;03;2MAA008;2023-11-14;19:00;0062701;ASM BINS;0062701;ASM CHAMTOU;;;;CENTRE DE LOISIR ALBERT II;0;;;;0;;;;;
PTCA06;03;2MAA009;2023-11-13;19:00;0062701;ASM LA MANITA;0068669;ESVL WARRIORS; 2/0;21-10,21-10;42-20;CENTRE DE LOISIR ALBERT II;0;;;;0;;;;;
PTCA06;04;2MAA010;2023-11-27;19:00;0062701;ASM LA MANITA;0066927;NVB VB CALZONE;;;;CENTRE DE LOISIR ALBERT II;0;;;;0;;;;;
PTCA06;04;2MAA011;2023-12-02;14:00;0068669;ESVL WARRIORS;0062701;ASM BINS;;;;LA FIGHIERE;0;;;;0;;;;;
PTCA06;04;2MAA012;2023-11-28;19:00;0062701;ASM CHAMTOU;0068669;ESVL LES VIKINGS;;;;CENTRE DE LOISIR ALBERT II;0;;;;0;;;;;
PTCA06;05;2MAA013;2023-12-04;20:00;0066927;NVB VB CALZONE;0062701;ASM CHAMTOU;;;;LA LAUVETTE;0;;;;0;;;;;
PTCA06;05;2MAA014;2023-12-08;12:15;0068669;ESVL LES VIKINGS;0068669;ESVL WARRIORS;;;;LA FIGHIERE;0;;;;0;;;;;
PTCA06;05;2MAA015;2023-12-05;19:00;0062701;ASM BINS;0062701;ASM LA MANITA;;;;CENTRE DE LOISIR ALBERT II;0;;;;0;;;;;
PTCA06;01;2MBA001;2023-10-29;11:00;0060007;ASC DEUX;;xxxxx;;;;MJC PICAUD;0;;;;0;;;;;
PTCA06;01;2MBA002;2023-10-29;11:00;0060007;ASC RAGUE84;0060007;ASC RIVIERA; 2/0;21-8,21-11;42-19;MJC PICAUD;0;;;;0;;;;;
PTCA06;01;2MBA003;2023-12-11;18:30;0068979;CAS 1;0068979;CAS 2;;;;MJC;0;;;;0;;;;;
PTCA06;02;2MBA004;2023-11-06;18:30;0068979;CAS 1;;xxxxx;;;;MJC;0;;;;0;;;;;
PTCA06;02;2MBA005;2023-11-06;18:30;0068979;CAS 2;0060007;ASC RAGUE84; 0/2;13-21,15-21;28-42;MJC;0;;;;0;;;;;
PTCA06;02;2MBA006;2023-11-12;11:00;0060007;ASC RIVIERA;0060007;ASC DEUX; 2/0;21-11,21-8;42-19;MJC PICAUD;0;;;;0;;;;;
PTCA06;03;2MBA007;2023-11-13;20:00;;xxxxx;0060007;ASC RIVIERA;;;;;0;;;;0;;;;;
PTCA06;03;2MBA008;2023-11-19;11:00;0060007;ASC DEUX;0068979;CAS 2; 1/2;21-11,17-21,13-15;51-47;MJC PICAUD;0;;;;0;;;;;
PTCA06;03;2MBA009;2023-11-19;11:00;0060007;ASC RAGUE84;0068979;CAS 1; 2/0;21-6,21-7;42-13;MJC PICAUD;0;;;;0;;;;;
PTCA06;04;2MBA010;2023-12-03;11:00;0060007;ASC RAGUE84;;xxxxx;;;;MJC PICAUD;0;;;;0;;;;;
PTCA06;04;2MBA011;2023-11-27;18:30;0068979;CAS 1;0060007;ASC DEUX;;;;MJC;0;;;;0;;;;;
PTCA06;04;2MBA012;2023-11-27;18:30;0068979;CAS 2;0060007;ASC RIVIERA;;;;MJC;0;;;;0;;;;;
PTCA06;05;2MBA013;2023-12-04;20:00;;xxxxx;0068979;CAS 2;;;;;0;;;;0;;;;;
PTCA06;05;2MBA014;2023-12-10;11:00;0060007;ASC RIVIERA;0068979;CAS 1;;;;MJC PICAUD;0;;;;0;;;;;
PTCA06;05;2MBA015;2023-12-10;11:00;0060007;ASC DEUX;0060007;ASC RAGUE84;;;;MJC PICAUD;0;;;;0;;;;;
PTCA06;01;44AA001;2023-10-19;20:00;0068979;CAS 1;0069048;AS.SP.LOIS.MUNICIPAUX CANNES; 3/0;25-23,25-23,25-19;75-65;SALLE LES VALLERGUES;0;;;;0;;;;;
PTCA06;01;44AA002;2023-10-19;19:45;0060007;AS CANNES VOLLEY-BALL;0060036;PGVB 2; 0/3;10-25,14-25,21-25;45-75;COTEAUX;0;;;;0;;;;;
PTCA06;01;44AA003;2023-10-17;19:30;0060041;PEGOMAS VAL DE SIAGNE VOLLEY-BALL;0068979;CAS 2; 1/3;17-25,23-25,25-22,20-25;85-97;ARNAUD BELTRAME;0;;;;0;;;;;
PTCA06;02;44AA004;2023-11-14;19:30;0060041;PEGOMAS VAL DE SIAGNE VOLLEY-BALL;0069048;AS.SP.LOIS.MUNICIPAUX CANNES; 3/1;25-22,21-25,25-12,25-17;96-76;ARNAUD BELTRAME;0;;;;0;;;;;
PTCA06;02;44AA005;2023-11-16;20:00;0068979;CAS 2;0060007;AS CANNES VOLLEY-BALL; 3/0;25-18,25-13,25-13;75-44;SALLE LES VALLERGUES;0;;;;0;;;;;
PTCA06;02;44AA006;2023-11-15;21:00;0060036;PGVB 2;0068979;CAS 1; 2/3;25-19,15-25,25-16,18-25,12-15;95-100;RENE FRIARD MOUANS SARTOUX;0;;;;0;;;;;
PTCA06;03;44AA007;2023-11-20;20:00;0069048;AS.SP.LOIS.MUNICIPAUX CANNES;0060036;PGVB 2;;;;COTEAUX CANNES;0;;;;0;;;;;
PTCA06;03;44AA008;2023-11-23;20:00;0068979;CAS 1;0068979;CAS 2;;;;SALLE LES VALLERGUES;0;;;;0;;;;;
PTCA06;03;44AA009;2023-11-23;19:45;0060007;AS CANNES VOLLEY-BALL;0060041;PEGOMAS VAL DE SIAGNE VOLLEY-BALL;;;;COTEAUX;0;;;;0;;;;;
PTCA06;04;44AA010;2023-12-07;19:45;0060007;AS CANNES VOLLEY-BALL;0069048;AS.SP.LOIS.MUNICIPAUX CANNES;;;;COTEAUX;0;;;;0;;;;;
PTCA06;04;44AA011;2023-12-07;19:30;0060041;PEGOMAS VAL DE SIAGNE VOLLEY-BALL;0068979;CAS 1;;;;PEGOMAS;0;;;;0;;;;;
PTCA06;04;44AA012;2023-12-07;20:00;0068979;CAS 2;0060036;PGVB 2;;;;SALLE LES VALLERGUES;0;;;;0;;;;;
PTCA06;05;44AA013;2023-12-11;20:00;0069048;AS.SP.LOIS.MUNICIPAUX CANNES;0068979;CAS 2;;;;COTEAUX CANNES;0;;;;0;;;;;
PTCA06;05;44AA014;2023-12-13;21:00;0060036;PGVB 2;0060041;PEGOMAS VAL DE SIAGNE VOLLEY-BALL;;;;RENE FRIARD MOUANS SARTOUX;0;;;;0;;;;;
PTCA06;05;44AA015;2023-12-14;20:00;0068979;CAS 1;0060007;AS CANNES VOLLEY-BALL;;;;SALLE LES COTEAUX;0;;;;0;;;;;
PTCA06;01;44BA001;2023-10-16;20:00;0060036;PGVB 3;;xxxxx;;;;SALLE OMNISPORTS;0;;;;0;;;;;
PTCA06;01;44BA002;2023-10-18;20:00;0060021;AS ROQUEFORTOISE DE VB;0060036;PGVB 1; 3/1;25-20,20-25,27-25,25-20;97-90;CESAR;0;;;;0;;;;;
PTCA06;01;44BA003;2023-10-16;20:15;0060044;BIOT VOLLEY-BALL;0060018;AS NICOISE DE VOLLEY-BALL; 3/0;25-16,25-22,25-23;75-61;GYMNASE EGANAUDE;0;;;;0;;;;;
PTCA06;02;44BA004;2023-11-13;20:15;0060044;BIOT VOLLEY-BALL;;xxxxx;;;;GYMNASE EGANAUDE;0;;;;0;;;;;
PTCA06;02;44BA005;2023-11-15;20:00;0060018;AS NICOISE DE VOLLEY-BALL;0060021;AS ROQUEFORTOISE DE VB; 1/3;25-18,23-25,15-25,22-25;85-93;ROSALINDE RANCHER;0;;;;0;;;;;
PTCA06;02;44BA006;2023-11-15;21:00;0060036;PGVB 1;0060036;PGVB 3; 3/0;25-9,25-19,25-21;75-49;RENE FRIARD MOUANS SARTOUX;0;;;;0;;;;;
PTCA06;03;44BA007;2023-11-20;20:00;;xxxxx;0060036;PGVB 1;;;;;0;;;;0;;;;;
PTCA06;03;44BA008;2023-11-30;20:00;0060036;PGVB 3;0060018;AS NICOISE DE VOLLEY-BALL;;;;SALLE OMNISPORTS GRASSE;0;;;;0;;;;;
PTCA06;03;44BA009;2023-11-22;20:00;0060021;AS ROQUEFORTOISE DE VB;0060044;BIOT VOLLEY-BALL;;;;CESAR;0;;;;0;;;;;
PTCA06;04;44BA010;2023-12-06;20:00;0060021;AS ROQUEFORTOISE DE VB;;xxxxx;;;;CESAR;0;;;;0;;;;;
PTCA06;04;44BA011;2023-12-04;20:15;0060044;BIOT VOLLEY-BALL;0060036;PGVB 3;;;;GYMNASE EGANAUDE;0;;;;0;;;;;
PTCA06;04;44BA012;2023-12-06;20:00;0060018;AS NICOISE DE VOLLEY-BALL;0060036;PGVB 1;;;;ROSALINDE RANCHER;0;;;;0;;;;;
PTCA06;05;44BA013;2023-12-11;20:00;;xxxxx;0060018;AS NICOISE DE VOLLEY-BALL;;;;;0;;;;0;;;;;
PTCA06;05;44BA014;2023-12-13;21:00;0060036;PGVB 1;0060044;BIOT VOLLEY-BALL;;;;RENE FRIARD MOUANS SARTOUX;0;;;;0;;;;;
PTCA06;05;44BA015;2023-12-11;20:00;0060036;PGVB 3;0060021;AS ROQUEFORTOISE DE VB;;;;SALLE OMNISPORTS GRASSE;0;;;;0;;;;;
PTCA06;01;4FAA001;2023-11-09;19:30;0060041;PEGOMAS VAL DE SIAGNE VOLLEY-BALL;0060021;AS ROQUEFORTOISE DE VB; 3/1;25-20,24-26,25-10,25-23;99-79;PEGOMAS;0;;;;0;;;;;
PTCA06;01;4FAA002;2023-10-16;20:00;0060036;PGVB 1;0060036;PGVB 2; 3/0;25-19,25-17,25-19;75-55;SALLE OMNISPORTS;0;;;;0;;;;;
PTCA06;01;4FAA003;2023-11-09;20:30;0068979;CANNES AERO SPORTS VOLLEY-BALL;0063347;PAYS DE FAYENCE VOLLEY-BALL; 3/1;15-25,25-14,25-14,25-18;90-71;LEONARD DE VINCI;0;;;;0;;;;;
PTCA06;02;4FAA004;2023-11-29;20:00;0068979;CANNES AERO SPORTS VOLLEY-BALL;0060021;AS ROQUEFORTOISE DE VB;;;;SALLE CESAR;0;;;;0;;;;;
PTCA06;02;4FAA005;2023-11-16;20:30;0063347;PAYS DE FAYENCE VOLLEY-BALL;0060036;PGVB 1; 3/1;19-25,25-13,25-6,25-21;94-65;LEONARD DE VINCI;0;;;;0;;;;;
PTCA06;02;4FAA006;2023-11-13;20:00;0060036;PGVB 2;0060041;PEGOMAS VAL DE SIAGNE VOLLEY-BALL; 0/3;10-25,10-25,14-25;34-75;SALLE OMNISPORTS;0;;;;0;;;;;
PTCA06;03;4FAA007;2023-11-22;20:00;0060021;AS ROQUEFORTOISE DE VB;0060036;PGVB 2;;;;CESAR;0;;;;0;;;;;
PTCA06;03;4FAA008;2023-11-28;19:30;0060041;PEGOMAS VAL DE SIAGNE VOLLEY-BALL;0063347;PAYS DE FAYENCE VOLLEY-BALL;;;;PEGOMAS;0;;;;0;;;;;
PTCA06;03;4FAA009;2023-11-20;20:00;0060036;PGVB 1;0068979;CANNES AERO SPORTS VOLLEY-BALL; 0/3;11-25,17-25,18-25;46-75;SALLE OMNISPORTS;0;;;;0;;;;;
PTCA06;04;4FAA010;2023-12-04;20:00;0060036;PGVB 1;0060021;AS ROQUEFORTOISE DE VB;;;;SALLE OMNISPORTS;0;;;;0;;;;;
PTCA06;04;4FAA011;2023-12-07;20:00;0068979;CANNES AERO SPORTS VOLLEY-BALL;0060041;PEGOMAS VAL DE SIAGNE VOLLEY-BALL;;;;SALLE A. BELTRAME;0;;;;0;;;;;
PTCA06;04;4FAA012;2023-12-07;20:30;0063347;PAYS DE FAYENCE VOLLEY-BALL;0060036;PGVB 2;;;;LEONARD DE VINCI;0;;;;0;;;;;
PTCA06;05;4FAA013;2023-12-13;20:00;0060021;AS ROQUEFORTOISE DE VB;0063347;PAYS DE FAYENCE VOLLEY-BALL;;;;CESAR;0;;;;0;;;;;
PTCA06;05;4FAA014;2023-12-11;20:00;0060036;PGVB 2;0068979;CANNES AERO SPORTS VOLLEY-BALL;;;;SALLE OMNISPORTS;0;;;;0;;;;;
PTCA06;05;4FAA015;2023-12-14;19:30;0060041;PEGOMAS VAL DE SIAGNE VOLLEY-BALL;0060036;PGVB 1;;;;ARNAUD BELTRAME;0;;;;0;;;;;
PTCA06;01;4FBA001;2023-10-17;20:30;0062701;AS MONACO 3;;xxxxx;;;;LYCEE RAINIER III;0;;;;0;;;;;
PTCA06;01;4FBA002;2023-10-23;19:30;0062701;AS MONACO 1;0060051;DRAP 2; 3/F;25-0,25-0,25-0;75-0;MONEGHETTI;0;;;;0;;;;;
PTCA06;01;4FBA003;2023-10-19;20:00;0064512;ASPTT NICE 1;0064512;ASPTT NICE 2; 3/1;25-11,23-25,25-18,25-19;98-73;MAGNOLIAS;0;;;;0;;;;;
PTCA06;01;4FBA004;2023-10-16;19:30;0062701;AS MONACO 2;0060051;DRAP 1; 3/0;25-22,25-18,25-20;75-60;MONEGHETTI;0;;;;0;;;;;
PTCA06;02;4FBA005;2023-11-09;19:00;0060051;DRAP 1;;xxxxx;;;;;0;;;;0;;;;;
PTCA06;02;4FBA006;2023-11-06;19:30;0062701;AS MONACO 2;0064512;ASPTT NICE 1; 1/3;25-23,23-25,23-25,16-25;87-98;MONEGHETTI;0;;;;0;;;;;
PTCA06;02;4FBA007;2023-11-07;20:00;0064512;ASPTT NICE 2;0062701;AS MONACO 1; 0/3;7-25,16-25,11-25;34-75;MAGNOLIAS;0;;;;0;;;;;
PTCA06;02;4FBA008;2023-11-07;20:30;0060051;DRAP 2;0062701;AS MONACO 3; 0/3;14-25,8-25,11-25;33-75;RAINIER III;0;;;;0;;;;;
PTCA06;03;4FBA009;2023-11-13;20:00;;xxxxx;0060051;DRAP 2;;;;;0;;;;0;;;;;
PTCA06;03;4FBA010;2023-11-14;20:30;0062701;AS MONACO 3;0064512;ASPTT NICE 2; 3/0;25-11,25-18,25-8;75-37;LYCEE RAINIER III;0;;;;0;;;;;
PTCA06;03;4FBA011;2023-11-13;19:30;0062701;AS MONACO 1;0062701;AS MONACO 2; 3/0;25-13,25-18,25-23;75-54;MONEGHETTI;0;;;;0;;;;;
PTCA06;03;4FBA012;2023-11-16;20:00;0064512;ASPTT NICE 1;0060051;DRAP 1; 3/1;16-25,25-11,25-16,25-13;91-65;MAGNOLIAS;0;;;;0;;;;;
PTCA06;04;4FBA013;2023-11-24;20:00;0064512;ASPTT NICE 1;;xxxxx;;;;MAGNOLIAS;0;;;;0;;;;;
PTCA06;04;4FBA014;2023-12-18;20:00;0060051;DRAP 1;0062701;AS MONACO 1;;;;MONEGHETTI;0;;;;0;;;;;
PTCA06;04;4FBA015;2023-11-21;20:30;0062701;AS MONACO 2;0062701;AS MONACO 3; 0/3;14-25,19-25,16-25;49-75;LTHM;0;;;;0;;;;;
PTCA06;04;4FBA016;2023-11-21;20:00;0064512;ASPTT NICE 2;0060051;DRAP 2;;;;MAGNOLIAS;0;;;;0;;;;;
PTCA06;05;4FBA017;2023-11-27;20:00;;xxxxx;0064512;ASPTT NICE 2;;;;;0;;;;0;;;;;
PTCA06;05;4FBA018;2023-11-27;20:00;0060051;DRAP 2;0062701;AS MONACO 2;;;;LYCEE GOSCINNY;0;;;;0;;;;;
PTCA06;05;4FBA019;2023-11-28;20:00;0062701;AS MONACO 3;0060051;DRAP 1;;;;LYCEE RAINIER III;0;;;;0;;;;;
PTCA06;05;4FBA020;2023-11-27;19:30;0062701;AS MONACO 1;0064512;ASPTT NICE 1;;;;MONEGHETTI;0;;;;0;;;;;
PTCA06;06;4FBA021;2023-12-04;19:30;0062701;AS MONACO 1;;xxxxx;;;;MONEGHETTI;0;;;;0;;;;;
PTCA06;06;4FBA022;2023-12-07;20:00;0064512;ASPTT NICE 1;0062701;AS MONACO 3;;;;MAGNOLIAS;0;;;;0;;;;;
PTCA06;06;4FBA023;2023-12-04;20:00;0060051;DRAP 1;0060051;DRAP 2;;;;LYCEE GOSCINNY;0;;;;0;;;;;
PTCA06;06;4FBA024;2023-12-04;19:30;0062701;AS MONACO 2;0064512;ASPTT NICE 2;;;;MONEGHETTI;0;;;;0;;;;;
PTCA06;07;4FBA025;2023-12-11;20:00;;xxxxx;0062701;AS MONACO 2;;;;;0;;;;0;;;;;
PTCA06;07;4FBA026;2023-12-12;20:00;0064512;ASPTT NICE 2;0060051;DRAP 1;;;;MAGNOLIAS;0;;;;0;;;;;
PTCA06;07;4FBA027;2023-12-11;20:00;0060051;DRAP 2;0064512;ASPTT NICE 1;;;;LYCEE GOSCINNY;0;;;;0;;;;;
PTCA06;07;4FBA028;2023-12-12;20:00;0062701;AS MONACO 3;0062701;AS MONACO 1;;;;LYCEE RAINIER III;0;;;;0;;;;;
PTCA06;01;APAA001;2023-10-19;20:00;0069048;ASLM 1;0067689;US CAGNES 1; 3/1;25-21,25-15,20-25,25-21;95-82;GYMNASE JACQUELINE DE ROMILLY;0;;;;0;;;;;
PTCA06;01;APAA002;2023-10-17;19:30;0060041;PEGOMAS 1;0069927;ASPTT CAGNES SUR MER; 0/3;18-25,10-25,6-25;34-75;PEGOMAS;0;;;;0;;;;;
PTCA06;01;APAA003;2023-10-16;20:30;0060008;MLNVB 1;0060050;PHENIX MARITIMUM VOLLEY; 0/3;23-25,19-25,24-26;66-76;MIMOSAS;0;;;;0;;;;;
PTCA06;01;APAA004;2023-10-16;20:00;0060036;PGVB 1;0068779;CLUB OMNISPORTS DE VALBONNE; 3/0;25-16,25-15,25-7;75-38;SALLE OMNISPORTS;0;;;;0;;;;;
PTCA06;01;APAA005;2023-10-19;20:30;0063347;PDFVB 1;0068979;CANNES AERO SPORTS VOLLEY-BALL; 3/1;26-28,25-18,25-16,25-17;101-79;LEONARD DE VINCI;0;;;;0;;;;;
PTCA06;02;APAA006;2023-10-26;20:30;0063347;PDFVB 1;0067689;US CAGNES 1; 3/0;25-13,25-8,25-19;75-40;LEONARD DE VINCI;0;;;;0;;;;;
PTCA06;02;APAA007;2023-10-26;20:00;0068979;CANNES AERO SPORTS VOLLEY-BALL;0060036;PGVB 1; 1/3;19-25,18-25,29-27,12-25;78-102;SALLE LES VALLERGUES;0;;;;0;;;;;
PTCA06;02;APAA008;2023-10-25;20:45;0068779;CLUB OMNISPORTS DE VALBONNE;0060008;MLNVB 1; 0/3;19-25,11-25,14-25;44-75;MIMOSAS;0;;;;0;;;;;
PTCA06;02;APAA009;2023-10-23;20:00;0060050;PHENIX MARITIMUM VOLLEY;0060041;PEGOMAS 1; 3/0;25-10,25-10,25-18;75-38;DAVID DOUILLET;0;;;;0;;;;;
PTCA06;02;APAA010;2023-10-27;20:30;0069927;ASPTT CAGNES SUR MER;0069048;ASLM 1; 3/0;25-14,25-11,25-12;75-37;COLLEGE MALRAUX;0;;;;0;;;;;
PTCA06;03;APAA011;2023-11-08;20:30;0067689;US CAGNES 1;0069927;ASPTT CAGNES SUR MER; 0/3;16-25,17-25,15-25;48-75;JULES VERNE;0;;;;0;;;;;
PTCA06;03;APAA012;2023-11-09;20:00;0069048;ASLM 1;0060050;PHENIX MARITIMUM VOLLEY; 0/3;21-25,22-25,23-25;66-75;GYMNASE JACQUELINE DE ROMILLY;0;;;;0;;;;;
PTCA06;03;APAA013;2023-11-07;19:30;0060041;PEGOMAS 1;0068779;CLUB OMNISPORTS DE VALBONNE; 2/3;17-25,25-15,14-25,25-20,2-15;83-100;PEGOMAS;0;;;;0;;;;;
PTCA06;03;APAA014;2023-11-06;20:30;0060008;MLNVB 1;0068979;CANNES AERO SPORTS VOLLEY-BALL; 3/0;25-18,25-21,25-13;75-52;MIMOSAS;0;;;;0;;;;;
PTCA06;03;APAA015;2023-11-06;20:00;0060036;PGVB 1;0063347;PDFVB 1; 1/3;25-17,20-25,23-25,15-25;83-92;SALLE OMNISPORTS;0;;;;0;;;;;
PTCA06;04;APAA016;2023-11-13;20:00;0060036;PGVB 1;0067689;US CAGNES 1; 3/0;25-12,25-14,25-22;75-48;SALLE OMNISPORTS;0;;;;0;;;;;
PTCA06;04;APAA017;2023-11-16;20:30;0063347;PDFVB 1;0060008;MLNVB 1; 3/1;17-25,25-23,25-23,25-22;92-93;LEONARD DE VINCI;0;;;;0;;;;;
PTCA06;04;APAA018;2023-11-16;20:00;0068979;CANNES AERO SPORTS VOLLEY-BALL;0060041;PEGOMAS 1; 3/1;25-21,25-22,18-25,25-16;93-84;SALLE LES VALLERGUES;0;;;;0;;;;;
PTCA06;04;APAA019;2023-11-16;20:00;0068779;CLUB OMNISPORTS DE VALBONNE;0069048;ASLM 1; 1/3;19-25,27-25,18-25,22-25;86-100;NIKI DE SAINT PHALLE;0;;;;0;;;;;
PTCA06;04;APAA020;2023-11-13;20:00;0060050;PHENIX MARITIMUM VOLLEY;0069927;ASPTT CAGNES SUR MER; 3/0;25-13,25-17,25-16;75-46;DAVID DOUILLET;0;;;;0;;;;;
PTCA06;05;APAA021;2023-11-22;20:30;0067689;US CAGNES 1;0060050;PHENIX MARITIMUM VOLLEY;;;;JULES VERNE;0;;;;0;;;;;
PTCA06;05;APAA022;2023-11-24;20:30;0069927;ASPTT CAGNES SUR MER;0068779;CLUB OMNISPORTS DE VALBONNE;;;;COLLEGE MALRAUX;0;;;;0;;;;;
PTCA06;05;APAA023;2023-11-23;20:00;0069048;ASLM 1;0068979;CANNES AERO SPORTS VOLLEY-BALL;;;;GYMNASE JACQUELINE DE ROMILLY;0;;;;0;;;;;
PTCA06;05;APAA024;2023-11-21;19:30;0060041;PEGOMAS 1;0063347;PDFVB 1;;;;PEGOMAS;0;;;;0;;;;;
PTCA06;05;APAA025;2023-11-20;20:30;0060008;MLNVB 1;0060036;PGVB 1; 3/1;25-23,25-27,25-23,25-23;100-96;MIMOSAS;0;;;;0;;;;;
PTCA06;06;APAA026;2023-11-27;20:30;0060008;MLNVB 1;0067689;US CAGNES 1;;;;MIMOSAS;0;;;;0;;;;;
PTCA06;06;APAA027;2023-11-27;20:00;0060036;PGVB 1;0060041;PEGOMAS 1;;;;SALLE OMNISPORTS;0;;;;0;;;;;
PTCA06;06;APAA028;2023-11-28;20:30;0063347;PDFVB 1;0069048;ASLM 1;;;;LEONARD DE VINCI;0;;;;0;;;;;
PTCA06;06;APAA029;2023-11-30;20:00;0068979;CANNES AERO SPORTS VOLLEY-BALL;0069927;ASPTT CAGNES SUR MER;;;;SALLE LES VALLERGUES;0;;;;0;;;;;
PTCA06;06;APAA030;2023-11-30;20:00;0068779;CLUB OMNISPORTS DE VALBONNE;0060050;PHENIX MARITIMUM VOLLEY;;;;NIKI DE SAINT PHALLE;0;;;;0;;;;;
PTCA06;07;APAA031;2023-12-06;20:30;0067689;US CAGNES 1;0068779;CLUB OMNISPORTS DE VALBONNE;;;;JULES VERNE;0;;;;0;;;;;
PTCA06;07;APAA032;2023-12-04;20:00;0060050;PHENIX MARITIMUM VOLLEY;0068979;CANNES AERO SPORTS VOLLEY-BALL;;;;DAVID DOUILLET;0;;;;0;;;;;
PTCA06;07;APAA033;2023-12-08;20:30;0069927;ASPTT CAGNES SUR MER;0063347;PDFVB 1;;;;COLLEGE MALRAUX;0;;;;0;;;;;
PTCA06;07;APAA034;2023-12-07;20:00;0069048;ASLM 1;0060036;PGVB 1;;;;GYMNASE JACQUELINE DE ROMILLY;0;;;;0;;;;;
PTCA06;07;APAA035;2023-12-05;19:30;0060041;PEGOMAS 1;0060008;MLNVB 1;;;;PEGOMAS;0;;;;0;;;;;
PTCA06;08;APAA036;2023-12-13;20:30;0067689;US CAGNES 1;0060041;PEGOMAS 1;;;;JULES VERNE;0;;;;0;;;;;
PTCA06;08;APAA037;2023-12-11;20:30;0060008;MLNVB 1;0069048;ASLM 1;;;;MIMOSAS;0;;;;0;;;;;
PTCA06;08;APAA038;2023-12-11;20:00;0060036;PGVB 1;0069927;ASPTT CAGNES SUR MER;;;;SALLE OMNISPORTS;0;;;;0;;;;;
PTCA06;08;APAA039;2023-12-14;20:30;0063347;PDFVB 1;0060050;PHENIX MARITIMUM VOLLEY;;;;LEONARD DE VINCI;0;;;;0;;;;;
PTCA06;08;APAA040;2023-12-14;20:00;0068979;CANNES AERO SPORTS VOLLEY-BALL;0068779;CLUB OMNISPORTS DE VALBONNE;;;;SALLE LES VALLERGUES;0;;;;0;;;;;
PTCA06;09;APAA041;2023-12-21;20:00;0068979;CANNES AERO SPORTS VOLLEY-BALL;0067689;US CAGNES 1;;;;SALLE LES VALLERGUES;0;;;;0;;;;;
PTCA06;09;APAA042;2023-12-21;20:00;0068779;CLUB OMNISPORTS DE VALBONNE;0063347;PDFVB 1;;;;NIKI DE SAINT PHALLE;0;;;;0;;;;;
PTCA06;09;APAA043;2023-12-18;20:00;0060050;PHENIX MARITIMUM VOLLEY;0060036;PGVB 1;;;;DAVID DOUILLET;0;;;;0;;;;;
PTCA06;09;APAA044;2023-12-22;20:30;0069927;ASPTT CAGNES SUR MER;0060008;MLNVB 1;;;;COLLEGE MALRAUX;0;;;;0;;;;;
PTCA06;09;APAA045;2023-12-21;20:00;0069048;ASLM 1;0060041;PEGOMAS 1;;;;GYMNASE JACQUELINE DE ROMILLY;0;;;;0;;;;;
PTCA06;01;APBA001;2023-10-19;20:15;0066927;NICE VB 1;0064512;ASPTT NICE 2; 3/0;25-18,25-9,25-12;75-39;ESTIENNE D'ORVES;0;;;;0;;;;;
PTCA06;01;APBA002;2023-10-18;20:00;0060018;AS NICOISE DE VOLLEY-BALL;0068669;ESVL 1; 0/3;15-25,18-25,20-25;53-75;ROSALINDE RANCHER;0;;;;0;;;;;
PTCA06;01;APBA003;2023-10-17;20:30;0062701;AS MONACO 1;0060038;MENTON BEACH ET VOLLEY-BALL CLUB; 3/F;25-0,25-0,25-0;75-0;LYCEE RAINIER III MONACO;0;;;;0;;;;;
PTCA06;01;APBA004;2023-10-19;20:00;0060012;SPCOC 1;0068785;VENCE VB 1; 0/3;17-25,15-25,19-25;51-75;GYMNASE EMILIE FER;0;;;;0;;;;;
PTCA06;01;APBA005;2023-10-18;20:00;0064512;ASPTT NICE 1;0066927;NICE VB 2; 3/1;25-20,25-23,11-25,25-15;86-83;MAGNOLIAS;0;;;;0;;;;;
PTCA06;02;APBA006;2023-10-25;20:00;0064512;ASPTT NICE 1;0064512;ASPTT NICE 2; P/3;0-25,0-25,0-25;0-75;MAGNOLIAS;0;;;;0;;;;;
PTCA06;02;APBA007;2023-10-26;20:15;0066927;NICE VB 2;0060012;SPCOC 1; 3/0;25-7,25-18,25-10;75-35;ESTIENNE D'ORVES;0;;;;0;;;;;
PTCA06;02;APBA008;2023-10-26;20:30;0068785;VENCE VB 1;0062701;AS MONACO 1; 3/2;25-20,23-25,24-26,25-18,17-15;114-104;FALCOZ;0;;;;0;;;;;
PTCA06;02;APBA009;2023-10-25;20:30;0060038;MENTON BEACH ET VOLLEY-BALL CLUB;0060018;AS NICOISE DE VOLLEY-BALL; F/3;0-25,0-25,0-25;0-75;GYMNASE DU CAREI;0;;;;0;;;;;
PTCA06;02;APBA010;2023-10-23;20:45;0068669;ESVL 1;0066927;NICE VB 1; 0/3;15-25,22-25,16-25;53-75;GRANELLE;0;;;;0;;;;;
PTCA06;03;APBA011;2023-11-10;20:00;0064512;ASPTT NICE 2;0068669;ESVL 1; 0/3;8-25,10-25,18-25;36-75;MAGNOLIAS;0;;;;0;;;;;
PTCA06;03;APBA012;2023-11-09;20:15;0066927;NICE VB 1;0060038;MENTON BEACH ET VOLLEY-BALL CLUB; 3/F;25-0,25-0,25-0;75-0;ESTIENNE D'ORVES;0;;;;0;;;;;
PTCA06;03;APBA013;2023-11-08;20:00;0060018;AS NICOISE DE VOLLEY-BALL;0068785;VENCE VB 1; 0/3;17-25,24-26,23-25;64-76;ROSALINDE RANCHER;0;;;;0;;;;;
PTCA06;03;APBA014;2023-11-07;20:30;0062701;AS MONACO 1;0066927;NICE VB 2; 2/3;25-16,18-25,16-25,25-21,9-15;93-102;LYCEE RAINIER III MONACO;0;;;;0;;;;;
PTCA06;03;APBA015;2023-11-09;20:00;0060012;SPCOC 1;0064512;ASPTT NICE 1; 1/3;19-25,17-25,25-15,21-25;82-90;GYMNASE EMILIE FER;0;;;;0;;;;;
PTCA06;04;APBA016;2023-11-16;20:00;0060012;SPCOC 1;0064512;ASPTT NICE 2; 3/0;25-11,25-17,25-22;75-50;GYMNASE EMILIE FER;0;;;;0;;;;;
PTCA06;04;APBA017;2023-11-15;20:00;0064512;ASPTT NICE 1;0062701;AS MONACO 1; 3/0;25-22,25-15,25-21;75-58;MAGNOLIAS;0;;;;0;;;;;
PTCA06;04;APBA018;2023-11-16;20:15;0066927;NICE VB 2;0060018;AS NICOISE DE VOLLEY-BALL; 3/0;25-14,25-16,25-16;75-46;ESTIENNE D'ORVES;0;;;;0;;;;;
PTCA06;04;APBA019;2023-11-16;20:30;0068785;VENCE VB 1;0066927;NICE VB 1; 2/3;25-22,25-27,25-15,14-25,13-15;102-104;FALCOZ;0;;;;0;;;;;
PTCA06;04;APBA020;2023-11-15;20:30;0060038;MENTON BEACH ET VOLLEY-BALL CLUB;0068669;ESVL 1;;;;GYMNASE DU CAREI;0;;;;0;;;;;
PTCA06;05;APBA021;2023-11-24;20:00;0064512;ASPTT NICE 2;0060038;MENTON BEACH ET VOLLEY-BALL CLUB;;;;MAGNOLIAS;0;;;;0;;;;;
PTCA06;05;APBA022;2023-11-20;20:45;0068669;ESVL 1;0068785;VENCE VB 1; 3/1;16-25,25-16,25-18,25-11;91-70;GRANELLE;0;;;;0;;;;;
PTCA06;05;APBA023;2023-11-23;20:15;0066927;NICE VB 1;0066927;NICE VB 2;;;;ESTIENNE D'ORVES;0;;;;0;;;;;
PTCA06;05;APBA024;2023-11-22;20:00;0060018;AS NICOISE DE VOLLEY-BALL;0064512;ASPTT NICE 1;;;;ROSALINDE RANCHER;0;;;;0;;;;;
PTCA06;05;APBA025;2023-11-21;20:30;0062701;AS MONACO 1;0060012;SPCOC 1; 3/2;25-19,23-25,25-20,21-25,15-11;109-100;LYCEE RAINIER III MONACO;0;;;;0;;;;;
PTCA06;06;APBA026;2023-11-28;20:00;0062701;AS MONACO 1;0064512;ASPTT NICE 2;;;;LYCEE RAINIER III;0;;;;0;;;;;
PTCA06;06;APBA027;2023-11-30;20:00;0060012;SPCOC 1;0060018;AS NICOISE DE VOLLEY-BALL;;;;GYMNASE EMILIE FER;0;;;;0;;;;;
PTCA06;06;APBA028;2023-11-29;20:00;0064512;ASPTT NICE 1;0066927;NICE VB 1;;;;MAGNOLIAS;0;;;;0;;;;;
PTCA06;06;APBA029;2023-11-30;20:15;0066927;NICE VB 2;0068669;ESVL 1;;;;ESTIENNE D'ORVES;0;;;;0;;;;;
PTCA06;06;APBA030;2023-11-30;20:30;0068785;VENCE VB 1;0060038;MENTON BEACH ET VOLLEY-BALL CLUB;;;;FALCOZ;0;;;;0;;;;;
PTCA06;07;APBA031;2023-12-08;20:00;0064512;ASPTT NICE 2;0068785;VENCE VB 1;;;;MAGNOLIAS;0;;;;0;;;;;
PTCA06;07;APBA032;2023-12-06;20:30;0060038;MENTON BEACH ET VOLLEY-BALL CLUB;0066927;NICE VB 2;;;;GYMNASE DU CAREI;0;;;;0;;;;;
PTCA06;07;APBA033;2023-10-30;20:45;0068669;ESVL 1;0064512;ASPTT NICE 1; 3/1;25-18,25-20,24-26,25-22;99-86;GRANELLE;0;;;;0;;;;;
PTCA06;07;APBA034;2023-12-07;20:15;0066927;NICE VB 1;0060012;SPCOC 1;;;;ESTIENNE D'ORVES;0;;;;0;;;;;
PTCA06;07;APBA035;2023-12-06;20:00;0060018;AS NICOISE DE VOLLEY-BALL;0062701;AS MONACO 1;;;;ROSALINDE RANCHER;0;;;;0;;;;;
PTCA06;08;APBA036;2023-12-15;20:00;0064512;ASPTT NICE 2;0060018;AS NICOISE DE VOLLEY-BALL;;;;MAGNOLIAS;0;;;;0;;;;;
PTCA06;08;APBA037;2023-12-12;20:00;0062701;AS MONACO 1;0066927;NICE VB 1;;;;LYCEE RAINIER III;0;;;;0;;;;;
PTCA06;08;APBA038;2023-12-14;20:00;0060012;SPCOC 1;0068669;ESVL 1;;;;GYMNASE EMILIE FER;0;;;;0;;;;;
PTCA06;08;APBA039;2023-12-13;20:00;0064512;ASPTT NICE 1;0060038;MENTON BEACH ET VOLLEY-BALL CLUB;;;;MAGNOLIAS;0;;;;0;;;;;
PTCA06;08;APBA040;2023-12-14;20:15;0066927;NICE VB 2;0068785;VENCE VB 1;;;;ESTIENNE D'ORVES;0;;;;0;;;;;
PTCA06;09;APBA041;2023-12-21;20:15;0064512;ASPTT NICE 2;0066927;NICE VB 2;;;;MAGNOLIAS NICE;0;;;;0;;;;;
PTCA06;09;APBA042;2023-12-21;20:30;0068785;VENCE VB 1;0064512;ASPTT NICE 1;;;;FALCOZ;0;;;;0;;;;;
PTCA06;09;APBA043;2023-12-20;20:30;0060038;MENTON BEACH ET VOLLEY-BALL CLUB;0060012;SPCOC 1;;;;GYMNASE DU CAREI;0;;;;0;;;;;
PTCA06;09;APBA044;2023-12-18;20:45;0068669;ESVL 1;0062701;AS MONACO 1;;;;GRANELLE;0;;;;0;;;;;
PTCA06;09;APBA045;2023-12-21;20:15;0066927;NICE VB 1;0060018;AS NICOISE DE VOLLEY-BALL;;;;ESTIENNE D'ORVES;0;;;;0;;;;;
PTCA06;01;CFAA001;2023-10-22;13:00;0068779;CLUB OMNISPORTS DE VALBONNE;0060048;MOUGINS COTE D'AZUR VOLLEY-BALL; 1/3;17-25,25-14,8-25,21-25;71-89;COLLEGE EGANAUDE;0;;;;0;;;;;
PTCA06;01;CFAA002;2023-10-21;13:00;0067686;VOLERO LE CANNET COTE D'AZUR;0060008;MANDELIEU LA NAPOULE V.B.; 0/3;13-25,17-25,15-25;45-75;MAILLAN;0;;;;0;;;;;
PTCA06;01;CFAA003;2023-11-04;17:30;0060036;PAYS DE GRASSE VOLLEY-BALL;0063347;PAYS DE FAYENCE VOLLEY-BALL; 2/3;20-25,25-20,22-25,25-17,11-15;103-102;SALLE OMNISPORTS;0;;;;0;;;;;
PTCA06;01;CFAA004;2023-10-21;14:00;0061297;RACING CLUB DE CANNES;0062509;OLYMPIQUES ANTIBES JUAN PINS; 0/3;18-25,16-25,22-25;56-75;CARNOT;0;;;;0;;;;;
PTCA06;02;CFAA005;2023-11-11;14:00;0061297;RACING CLUB DE CANNES;0060048;MOUGINS COTE D'AZUR VOLLEY-BALL; 0/3;22-25,10-25,12-25;44-75;CARNOT;0;;;;0;;;;;
PTCA06;02;CFAA006;2023-11-12;11:00;0062509;OLYMPIQUES ANTIBES JUAN PINS;0060036;PAYS DE GRASSE VOLLEY-BALL; 2/3;24-26,18-25,25-22,25-22,13-15;105-110;BERTONE;0;;;;0;;;;;
PTCA06;02;CFAA007;2023-11-11;14:00;0063347;PAYS DE FAYENCE VOLLEY-BALL;0067686;VOLERO LE CANNET COTE D'AZUR; 3/1;25-27,25-14,25-16,27-25;102-82;LEONARD DE VINCI;0;;;;0;;;;;
PTCA06;02;CFAA008;2023-11-11;15:00;0060008;MANDELIEU LA NAPOULE V.B.;0068779;CLUB OMNISPORTS DE VALBONNE; 3/0;25-5,25-3,25-13;75-21;MIMOSAS;0;;;;0;;;;;
PTCA06;03;CFAA009;2023-11-18;16:00;0060048;MOUGINS COTE D'AZUR VOLLEY-BALL;0060008;MANDELIEU LA NAPOULE V.B.; 1/3;25-19,17-25,20-25,14-25;76-94;GYMNASE ROGER DUHALDE;0;;;;0;;;;;
PTCA06;03;CFAA010;2023-11-19;14:00;0068779;CLUB OMNISPORTS DE VALBONNE;0063347;PAYS DE FAYENCE VOLLEY-BALL; 0/3;10-25,23-25,16-25;49-75;COLLEGE EGANAUDE;0;;;;0;;;;;
PTCA06;03;CFAA011;2023-11-18;17:00;0067686;VOLERO LE CANNET COTE D'AZUR;0062509;OLYMPIQUES ANTIBES JUAN PINS; 3/0;25-13,25-12,25-23;75-48;PATRICK TAMBAY;0;;;;0;;;;;
PTCA06;03;CFAA012;2023-11-18;18:00;0060036;PAYS DE GRASSE VOLLEY-BALL;0061297;RACING CLUB DE CANNES; 3/0;25-13,25-12,25-13;75-38;SALLE OMNISPORTS;0;;;;0;;;;;
PTCA06;04;CFAA013;2023-11-25;16:00;0060036;PAYS DE GRASSE VOLLEY-BALL;0060048;MOUGINS COTE D'AZUR VOLLEY-BALL;;;;SALLE OMNISPORTS;0;;;;0;;;;;
PTCA06;04;CFAA014;2023-11-25;14:00;0061297;RACING CLUB DE CANNES;0067686;VOLERO LE CANNET COTE D'AZUR;;;;CARNOT;0;;;;0;;;;;
PTCA06;04;CFAA015;2023-11-26;14:00;0062509;OLYMPIQUES ANTIBES JUAN PINS;0068779;CLUB OMNISPORTS DE VALBONNE;;;;BERTONE;0;;;;0;;;;;
PTCA06;04;CFAA016;2023-11-26;10:00;0063347;PAYS DE FAYENCE VOLLEY-BALL;0060008;MANDELIEU LA NAPOULE V.B.;;;;LEONARD DE VINCI;0;;;;0;;;;;
PTCA06;05;CFAA017;2023-12-02;16:00;0060048;MOUGINS COTE D'AZUR VOLLEY-BALL;0063347;PAYS DE FAYENCE VOLLEY-BALL;;;;GYMNASE ROGER DUHALDE;0;;;;0;;;;;
PTCA06;05;CFAA018;2023-12-02;13:30;0060008;MANDELIEU LA NAPOULE V.B.;0062509;OLYMPIQUES ANTIBES JUAN PINS;;;;MIMOSAS;0;;;;0;;;;;
PTCA06;05;CFAA019;2023-12-03;13:00;0068779;CLUB OMNISPORTS DE VALBONNE;0061297;RACING CLUB DE CANNES;;;;COLLEGE EGANAUDE;0;;;;0;;;;;
PTCA06;05;CFAA020;2023-12-02;13:00;0067686;VOLERO LE CANNET COTE D'AZUR;0060036;PAYS DE GRASSE VOLLEY-BALL;;;;TAMBAY;0;;;;0;;;;;
PTCA06;06;CFAA021;2023-12-09;16:30;0067686;VOLERO LE CANNET COTE D'AZUR;0060048;MOUGINS COTE D'AZUR VOLLEY-BALL;;;;MAILLAN;0;;;;0;;;;;
PTCA06;06;CFAA022;2023-12-09;16:00;0060036;PAYS DE GRASSE VOLLEY-BALL;0068779;CLUB OMNISPORTS DE VALBONNE;;;;SALLE OMNISPORTS;0;;;;0;;;;;
PTCA06;06;CFAA023;2023-12-09;14:00;0061297;RACING CLUB DE CANNES;0060008;MANDELIEU LA NAPOULE V.B.;;;;CARNOT;0;;;;0;;;;;
PTCA06;06;CFAA024;2023-12-10;10:30;0062509;OLYMPIQUES ANTIBES JUAN PINS;0063347;PAYS DE FAYENCE VOLLEY-BALL;;;;BERTONE;0;;;;0;;;;;
PTCA06;07;CFAA025;2023-12-16;14:00;0060048;MOUGINS COTE D'AZUR VOLLEY-BALL;0062509;OLYMPIQUES ANTIBES JUAN PINS;;;;GYMNASE ROGER DUHALDE;0;;;;0;;;;;
PTCA06;07;CFAA026;2023-12-17;10:30;0063347;PAYS DE FAYENCE VOLLEY-BALL;0061297;RACING CLUB DE CANNES;;;;LEONARD DE VINCI;0;;;;0;;;;;
PTCA06;07;CFAA027;2023-12-16;15:00;0060008;MANDELIEU LA NAPOULE V.B.;0060036;PAYS DE GRASSE VOLLEY-BALL;;;;MIMOSAS;0;;;;0;;;;;
PTCA06;07;CFAA028;2023-12-10;13:00;0068779;CLUB OMNISPORTS DE VALBONNE;0067686;VOLERO LE CANNET COTE D'AZUR;;;;COLLEGE EGANAUDE;0;;;;0;;;;;
PTCA06;01;CFBA001;2023-10-21;13:00;0062701;ASS SPORTIVE DE MONACO;0068785;VENCE VB 2; 3/0;25-5,25-14,25-23;75-42;MONEGHETTI;0;;;;0;;;;;
PTCA06;01;CFBA002;2023-10-21;16:00;0067689;US CAGNES VOLLEY-BALL;0064168;VOLLEY-BALL STADE LAURENTIN; 3/0;25-19,25-6,25-14;75-39;JULES VERNE;0;;;;0;;;;;
PTCA06;01;CFBA003;2023-10-21;14:00;0066927;NICE VOLLEY-BALL;0068669;ETOILE SPORTIVE DE VILLENEUVE; 1/3;25-16,18-25,24-26,21-25;88-92;ESTIENNE D'ORVES;0;;;;0;;;;;
PTCA06;01;CFBA004;2023-10-21;16:30;0068785;VENCE VB 1;0064512;ASPTT NICE; 3/1;20-25,25-12,25-22,25-15;95-74;FALCOZ;0;;;;0;;;;;
PTCA06;02;CFBA005;2023-11-11;16:30;0068785;VENCE VB 1;0068785;VENCE VB 2; 3/0;25-12,25-17,25-22;75-51;FALCOZ;2616685;CARBON  AUVRAY TOM;PROVENCE-ALPES-CÔTE D’AZUR;Alpes-Maritimes;0;;;;;
PTCA06;02;CFBA006;2023-11-12;18:00;0064512;ASPTT NICE;0066927;NICE VOLLEY-BALL; 0/3;15-25,17-25,20-25;52-75;MAGNOLIAS;0;;;;0;;;;;
PTCA06;02;CFBA007;2023-11-12;14:00;0068669;ETOILE SPORTIVE DE VILLENEUVE;0067689;US CAGNES VOLLEY-BALL; 2/3;16-25,24-26,25-17,25-21,11-15;101-104;SALLE ROMÉE;0;;;;0;;;;;
PTCA06;02;CFBA008;2023-11-11;15:30;0064168;VOLLEY-BALL STADE LAURENTIN;0062701;ASS SPORTIVE DE MONACO; 0/3;18-25,22-25,13-25;53-75;JOSEPH PAGNOL;0;;;;0;;;;;
PTCA06;03;CFBA009;2023-11-18;16:30;0068785;VENCE VB 2;0064168;VOLLEY-BALL STADE LAURENTIN; 0/3;4-25,7-25,18-25;29-75;FALCOZ;0;;;;0;;;;;
PTCA06;03;CFBA010;2023-11-18;13:00;0062701;ASS SPORTIVE DE MONACO;0068669;ETOILE SPORTIVE DE VILLENEUVE; 3/1;25-13,16-25,25-19,25-19;91-76;MONEGHETTI;0;;;;0;;;;;
PTCA06;03;CFBA011;2023-11-18;15:00;0067689;US CAGNES VOLLEY-BALL;0064512;ASPTT NICE; 3/2;25-19,25-14,11-25,21-25,15-10;97-93;JULES VERNE;0;;;;0;;;;;
PTCA06;03;CFBA012;2023-11-18;14:00;0066927;NICE VOLLEY-BALL;0068785;VENCE VB 1; 3/2;24-26,25-27,25-23,25-16,15-11;114-103;GIAMARCHI;0;;;;0;;;;;
PTCA06;04;CFBA013;2023-11-25;14:00;0066927;NICE VOLLEY-BALL;0068785;VENCE VB 2;;;;ESTIENNE D'ORVES;0;;;;0;;;;;
PTCA06;04;CFBA014;2023-11-25;16:30;0068785;VENCE VB 1;0067689;US CAGNES VOLLEY-BALL;;;;FALCOZ;0;;;;0;;;;;
PTCA06;04;CFBA015;2023-11-25;14:00;0064512;ASPTT NICE;0062701;ASS SPORTIVE DE MONACO;;;;MAGNOLIAS;0;;;;0;;;;;
PTCA06;04;CFBA016;2023-11-26;16:30;0068669;ETOILE SPORTIVE DE VILLENEUVE;0064168;VOLLEY-BALL STADE LAURENTIN;;;;SALLE ROMÉE;0;;;;0;;;;;
PTCA06;05;CFBA017;2023-12-02;16:30;0068785;VENCE VB 2;0068669;ETOILE SPORTIVE DE VILLENEUVE;;;;FALCOZ;0;;;;0;;;;;
PTCA06;05;CFBA018;2023-12-02;13:30;0064168;VOLLEY-BALL STADE LAURENTIN;0064512;ASPTT NICE;;;;JOSEPH PAGNOL;0;;;;0;;;;;
PTCA06;05;CFBA019;2023-12-02;13:00;0062701;ASS SPORTIVE DE MONACO;0068785;VENCE VB 1;;;;MONEGHETTI;0;;;;0;;;;;
PTCA06;05;CFBA020;2023-12-02;14:00;0067689;US CAGNES VOLLEY-BALL;0066927;NICE VOLLEY-BALL;;;;JULES VERNE;0;;;;0;;;;;
PTCA06;06;CFBA021;2023-12-09;14:00;0067689;US CAGNES VOLLEY-BALL;0068785;VENCE VB 2;;;;JULES VERNE;0;;;;0;;;;;
PTCA06;06;CFBA022;2023-12-09;15:30;0066927;NICE VOLLEY-BALL;0062701;ASS SPORTIVE DE MONACO;;;;GIAMARCHI;0;;;;0;;;;;
PTCA06;06;CFBA023;2023-11-05;16:00;0068785;VENCE VB 1;0064168;VOLLEY-BALL STADE LAURENTIN; 3/2;25-5,20-25,27-25,14-25,15-7;101-87;FALCOZ;2242764;BELLEUDY NATHAN;PROVENCE-ALPES-CÔTE D’AZUR;Alpes-Maritimes;0;;;;;
PTCA06;06;CFBA024;2023-12-09;14:00;0064512;ASPTT NICE;0068669;ETOILE SPORTIVE DE VILLENEUVE;;;;MAGNOLIAS;0;;;;0;;;;;
PTCA06;07;CFBA025;2023-12-17;16:30;0068785;VENCE VB 2;0064512;ASPTT NICE;;;;FALCOZ;0;;;;0;;;;;
PTCA06;07;CFBA026;2023-12-17;12:00;0068669;ETOILE SPORTIVE DE VILLENEUVE;0068785;VENCE VB 1;;;;GRANELLE;0;;;;0;;;;;
PTCA06;07;CFBA027;2023-12-16;14:00;0064168;VOLLEY-BALL STADE LAURENTIN;0066927;NICE VOLLEY-BALL;;;;JOSEPH PAGNOL;0;;;;0;;;;;
PTCA06;07;CFBA028;2023-12-16;13:00;0062701;ASS SPORTIVE DE MONACO;0067689;US CAGNES VOLLEY-BALL;;;;MONEGHETTI;0;;;;0;;;;;
PTCA06;01;CMAA001;2023-10-21;00:00;0060007;AS CANNES VOLLEY-BALL;;xxxxx;;;;COTEAUX;0;;;;0;;;;;
PTCA06;01;CMAA002;2023-11-26;10:30;0063347;PAYS DE FAYENCE VOLLEY-BALL;0060036;PAYS DE GRASSE VOLLEY-BALL;;;;LEONARD DE VINCI;0;;;;0;;;;;
PTCA06;01;CMAA003;2023-10-21;16:00;0062509;OLYMPIQUES ANTIBES JUAN PINS;0060048;MOUGINS COTE D'AZUR VOLLEY-BALL; 0/3;17-25,25-27,18-25;60-77;BERTONE;0;;;;0;;;;;
PTCA06;01;CMAA004;2023-10-22;11:00;0060050;PHENIX MARITIMUM VOLLEY;0060049;PEYMEINADE TERRES DE SIAGNE VOLLEY BALL; 3/2;25-10,23-25,25-18,22-25,15-12;110-90;CESAR ROQUEFORT;0;;;;0;;;;;
PTCA06;02;CMAA005;2023-11-11;00:00;0060049;PEYMEINADE TERRES DE SIAGNE VOLLEY BALL;;xxxxx;;;;DAVID DOUILLET;0;;;;0;;;;;
PTCA06;02;CMAA006;2023-11-11;13:30;0060050;PHENIX MARITIMUM VOLLEY;0062509;OLYMPIQUES ANTIBES JUAN PINS; 3/2;22-25,25-21,20-25,25-21,15-10;107-102;CESAR ROQUEFORT;0;;;;0;;;;;
PTCA06;02;CMAA007;2023-11-11;18:00;0060048;MOUGINS COTE D'AZUR VOLLEY-BALL;0063347;PAYS DE FAYENCE VOLLEY-BALL; 1/3;19-25,24-26,26-24,16-25;85-100;GYMNASE ROGER DUHALDE;2153177;CUSSET MATTEO;PROVENCE-ALPES-CÔTE D’AZUR;Alpes-Maritimes;0;;;;;
PTCA06;02;CMAA008;2023-11-12;15:00;0060036;PAYS DE GRASSE VOLLEY-BALL;0060007;AS CANNES VOLLEY-BALL; 0/3;10-25,15-25,10-25;35-75;SALLE OMNISPORTS;0;;;;0;;;;;
PTCA06;03;CMAA009;2023-11-18;00:00;;xxxxx;0060036;PAYS DE GRASSE VOLLEY-BALL;;;;;0;;;;0;;;;;
PTCA06;03;CMAA010;2023-11-18;17:00;0060007;AS CANNES VOLLEY-BALL;0060048;MOUGINS COTE D'AZUR VOLLEY-BALL; 3/0;25-18,25-22,25-18;75-58;COTEAUX;1049368;HANOTEL CHRISTINE;PROVENCE-ALPES-CÔTE D’AZUR;Alpes-Maritimes;0;;;;;
PTCA06;03;CMAA011;2023-11-19;10:30;0063347;PAYS DE FAYENCE VOLLEY-BALL;0060050;PHENIX MARITIMUM VOLLEY; 3/0;25-20,25-18,25-14;75-52;LEONARD DE VINCI;0;;;;0;;;;;
PTCA06;03;CMAA012;2023-11-18;16:00;0062509;OLYMPIQUES ANTIBES JUAN PINS;0060049;PEYMEINADE TERRES DE SIAGNE VOLLEY BALL; 3/0;25-5,25-10,25-16;75-31;BERTONE;0;;;;0;;;;;
PTCA06;04;CMAA013;2023-11-25;00:00;0062509;OLYMPIQUES ANTIBES JUAN PINS;;xxxxx;;;;BERTONE;0;;;;0;;;;;
PTCA06;04;CMAA014;2023-11-25;14:00;0060049;PEYMEINADE TERRES DE SIAGNE VOLLEY BALL;0063347;PAYS DE FAYENCE VOLLEY-BALL;;;;DAVID DOUILLET;0;;;;0;;;;;
PTCA06;04;CMAA015;2023-11-25;16:00;0060050;PHENIX MARITIMUM VOLLEY;0060007;AS CANNES VOLLEY-BALL;;;;CESAR ROQUEFORT;0;;;;0;;;;;
PTCA06;04;CMAA016;2023-11-22;19:30;0060048;MOUGINS COTE D'AZUR VOLLEY-BALL;0060036;PAYS DE GRASSE VOLLEY-BALL;;;;GYMNASE ROGER DUHALDE;0;;;;0;;;;;
PTCA06;05;CMAA017;2023-12-02;00:00;;xxxxx;0060048;MOUGINS COTE D'AZUR VOLLEY-BALL;;;;;0;;;;0;;;;;
PTCA06;05;CMAA018;2023-12-02;16:30;0060036;PAYS DE GRASSE VOLLEY-BALL;0060050;PHENIX MARITIMUM VOLLEY;;;;RENÉ FRIARD;0;;;;0;;;;;
PTCA06;05;CMAA019;2023-12-02;17:30;0060007;AS CANNES VOLLEY-BALL;0060049;PEYMEINADE TERRES DE SIAGNE VOLLEY BALL;;;;COTEAUX;0;;;;0;;;;;
PTCA06;05;CMAA020;2023-12-03;10:30;0063347;PAYS DE FAYENCE VOLLEY-BALL;0062509;OLYMPIQUES ANTIBES JUAN PINS;;;;LEONARD DE VINCI;0;;;;0;;;;;
PTCA06;06;CMAA021;2023-12-09;00:00;0063347;PAYS DE FAYENCE VOLLEY-BALL;;xxxxx;;;;LEONARD DE VINCI;0;;;;0;;;;;
PTCA06;06;CMAA022;2023-12-10;16:00;0062509;OLYMPIQUES ANTIBES JUAN PINS;0060007;AS CANNES VOLLEY-BALL;;;;BERTONE;0;;;;0;;;;;
PTCA06;06;CMAA023;2023-12-09;14:00;0060049;PEYMEINADE TERRES DE SIAGNE VOLLEY BALL;0060036;PAYS DE GRASSE VOLLEY-BALL;;;;DAVID DOUILLET;0;;;;0;;;;;
PTCA06;06;CMAA024;2023-12-10;11:00;0060050;PHENIX MARITIMUM VOLLEY;0060048;MOUGINS COTE D'AZUR VOLLEY-BALL;;;;CESAR ROQUEFORT;0;;;;0;;;;;
PTCA06;07;CMAA025;2023-12-16;00:00;;xxxxx;0060050;PHENIX MARITIMUM VOLLEY;;;;;0;;;;0;;;;;
PTCA06;07;CMAA026;2023-12-16;17:00;0060048;MOUGINS COTE D'AZUR VOLLEY-BALL;0060049;PEYMEINADE TERRES DE SIAGNE VOLLEY BALL;;;;GYMNASE ROGER DUHALDE;0;;;;0;;;;;
PTCA06;07;CMAA027;2023-12-16;16:00;0060036;PAYS DE GRASSE VOLLEY-BALL;0062509;OLYMPIQUES ANTIBES JUAN PINS;;;;SALLE OMNISPORTS;0;;;;0;;;;;
PTCA06;07;CMAA028;2023-12-16;17:30;0060007;AS CANNES VOLLEY-BALL;0063347;PAYS DE FAYENCE VOLLEY-BALL;;;;COTEAUX;0;;;;0;;;;;
PTCA06;01;CMBA001;2023-10-21;00:00;0066927;NICE VOLLEY-BALL;;xxxxx;;;;GIAMARCHI;0;;;;0;;;;;
PTCA06;01;CMBA002;2023-10-21;15:30;0064168;VOLLEY-BALL STADE LAURENTIN;0068785;VENCE VOLLEY-BALL; 3/2;20-25,26-24,22-25,25-23,15-13;108-110;JOSEPH PAGNOL;0;;;;0;;;;;
PTCA06;01;CMBA003;2023-10-21;15:00;0062701;ASS SPORTIVE DE MONACO;0064512;ASPTT NICE; 3/0;25-20,25-15,25-15;75-50;MONEGHETTI;0;;;;0;;;;;
PTCA06;01;CMBA004;2023-10-21;14:00;0067689;US CAGNES VOLLEY-BALL;0062509;OAJLP 1; 1/3;22-25,25-19,21-25,20-25;88-94;JULES VERNE;0;;;;0;;;;;
PTCA06;02;CMBA005;2023-11-11;00:00;0067689;US CAGNES VOLLEY-BALL;;xxxxx;;;;JULES VERNE;0;;;;0;;;;;
PTCA06;02;CMBA006;2023-11-11;16:00;0062509;OAJLP 1;0062701;ASS SPORTIVE DE MONACO; 0/3;26-28,18-25,22-25;66-78;BERTONE;0;;;;0;;;;;
PTCA06;02;CMBA007;2023-11-12;16:00;0064512;ASPTT NICE;0064168;VOLLEY-BALL STADE LAURENTIN; 3/2;28-30,26-24,25-11,20-25,15-9;114-99;MAGNOLIAS;0;;;;0;;;;;
PTCA06;02;CMBA008;2023-11-11;14:00;0068785;VENCE VOLLEY-BALL;0066927;NICE VOLLEY-BALL; 1/3;23-25,25-18,16-25,23-25;87-93;FALCOZ;0;;;;0;;;;;
PTCA06;03;CMBA009;2023-11-18;00:00;;xxxxx;0068785;VENCE VOLLEY-BALL;;;;;0;;;;0;;;;;
PTCA06;03;CMBA010;2023-11-18;15:30;0066927;NICE VOLLEY-BALL;0064512;ASPTT NICE; 3/0;25-12,25-17,25-20;75-49;GIAMARCHI;0;;;;0;;;;;
PTCA06;03;CMBA011;2023-11-18;14:00;0064168;VOLLEY-BALL STADE LAURENTIN;0062509;OAJLP 1; 0/3;8-25,19-25,14-25;41-75;JOSEPH PAGNOL;0;;;;0;;;;;
PTCA06;03;CMBA012;2023-11-18;15:00;0062701;ASS SPORTIVE DE MONACO;0067689;US CAGNES VOLLEY-BALL; 1/3;10-25,25-22,16-25,20-25;71-97;MONEGHETTI;0;;;;0;;;;;
PTCA06;04;CMBA013;2023-11-25;00:00;0062701;ASS SPORTIVE DE MONACO;;xxxxx;;;;MONEGHETTI;0;;;;0;;;;;
PTCA06;04;CMBA014;2023-11-26;16:00;0067689;US CAGNES VOLLEY-BALL;0064168;VOLLEY-BALL STADE LAURENTIN;;;;JULES VERNE;0;;;;0;;;;;
PTCA06;04;CMBA015;2023-11-26;10:30;0062509;OAJLP 1;0066927;NICE VOLLEY-BALL;;;;BERTONE;0;;;;0;;;;;
PTCA06;04;CMBA016;2023-11-25;16:00;0064512;ASPTT NICE;0068785;VENCE VOLLEY-BALL;;;;MAGNOLIAS;0;;;;0;;;;;
PTCA06;05;CMBA017;2023-12-02;00:00;;xxxxx;0064512;ASPTT NICE;;;;;0;;;;0;;;;;
PTCA06;05;CMBA018;2023-12-02;14:00;0068785;VENCE VOLLEY-BALL;0062509;OAJLP 1;;;;FALCOZ;0;;;;0;;;;;
PTCA06;05;CMBA019;2023-12-02;14:00;0066927;NICE VOLLEY-BALL;0067689;US CAGNES VOLLEY-BALL;;;;ESTIENNE D'ORVES;0;;;;0;;;;;
PTCA06;05;CMBA020;2023-12-02;15:30;0064168;VOLLEY-BALL STADE LAURENTIN;0062701;ASS SPORTIVE DE MONACO;;;;JOSEPH PAGNOL;0;;;;0;;;;;
PTCA06;06;CMBA021;2023-12-09;00:00;0064168;VOLLEY-BALL STADE LAURENTIN;;xxxxx;;;;JOSEPH PAGNOL;0;;;;0;;;;;
PTCA06;06;CMBA022;2023-12-10;16:00;0062701;ASS SPORTIVE DE MONACO;0066927;NICE VOLLEY-BALL;;;;MONEGHETTI;0;;;;0;;;;;
PTCA06;06;CMBA023;2023-12-09;17:00;0067689;US CAGNES VOLLEY-BALL;0068785;VENCE VOLLEY-BALL;;;;JULES VERNE;0;;;;0;;;;;
PTCA06;06;CMBA024;2023-12-09;14:00;0062509;OAJLP 1;0064512;ASPTT NICE;;;;BERTONE;0;;;;0;;;;;
PTCA06;07;CMBA025;2023-12-16;00:00;;xxxxx;0062509;OAJLP 1;;;;;0;;;;0;;;;;
PTCA06;07;CMBA026;2023-12-16;16:00;0064512;ASPTT NICE;0067689;US CAGNES VOLLEY-BALL;;;;MAGNOLIAS;0;;;;0;;;;;
PTCA06;07;CMBA027;2023-12-17;14:00;0068785;VENCE VOLLEY-BALL;0062701;ASS SPORTIVE DE MONACO;;;;FALCOZ;0;;;;0;;;;;
PTCA06;07;CMBA028;2023-12-17;11:30;0066927;NICE VOLLEY-BALL;0064168;VOLLEY-BALL STADE LAURENTIN;;;;GIAMARCHI;0;;;;0;;;;;
PTCA06;01;HPAA001;2023-10-19;19:30;0060049;PEYMEINADE 2;0063347;PDFVB 3; 3/0;25-15,25-6,25-23;75-44;DAVID DOUILLET;0;;;;0;;;;;
PTCA06;01;HPAA002;2023-10-19;19:30;0060041;PEGOMAS 3;0060008;MLNVB 3; 3/0;25-16,25-15,25-15;75-46;ARNAUD BELTRAME;0;;;;0;;;;;
PTCA06;01;HPAA003;2023-10-19;19:30;0060049;PEYMEINADE 1;0069048;ASLM 2; 3/1;25-21,28-30,25-11,25-10;103-72;DAVID DOUILLET;0;;;;0;;;;;
PTCA06;01;HPAA004;2023-10-16;20:45;0060008;MLNVB 2;0060041;PEGOMAS 2; 3/2;25-20,25-15,22-25,20-25,17-15;109-100;MIMOSAS;0;;;;0;;;;;
PTCA06;01;HPAA005;2023-10-17;20:30;0063347;PDFVB 2;0069048;ASLM 3; 1/3;25-20,23-25,10-25,11-25;69-95;LEONARD DE VINCI;0;;;;0;;;;;
PTCA06;02;HPAA006;2023-10-24;20:30;0063347;PDFVB 2;0063347;PDFVB 3; 3/0;25-13,25-18,25-10;75-41;LEONARD DE VINCI;0;;;;0;;;;;
PTCA06;02;HPAA007;2023-10-30;20:45;0069048;ASLM 3;0060008;MLNVB 2; 3/1;21-25,25-17,25-18,25-23;96-83;GYMNASE JACQUELINE DE ROMILLY;0;;;;0;;;;;
PTCA06;02;HPAA008;2023-10-26;19:30;0060041;PEGOMAS 2;0060049;PEYMEINADE 1; 0/3;16-25,23-25,26-28;65-78;ARNAUD BELTRAME;0;;;;0;;;;;
PTCA06;02;HPAA009;2023-10-24;20:00;0069048;ASLM 2;0060041;PEGOMAS 3; 3/1;25-9,25-16,26-28,25-22;101-75;LES VALLERGUES CANNES;0;;;;0;;;;;
PTCA06;02;HPAA010;2023-10-23;20:45;0060008;MLNVB 3;0060049;PEYMEINADE 2; 3/2;25-15,30-32,20-25,25-23,16-14;116-109;MIMOSAS;0;;;;0;;;;;
PTCA06;03;HPAA011;2023-11-07;20:30;0063347;PDFVB 3;0060008;MLNVB 3; 1/3;25-23,15-25,15-25,17-25;72-98;LEONARD DE VINCI;0;;;;0;;;;;
PTCA06;03;HPAA012;2023-11-09;19:30;0060049;PEYMEINADE 2;0069048;ASLM 2; 0/3;21-25,9-25,20-25;50-75;DAVID DOUILLET;0;;;;0;;;;;
PTCA06;03;HPAA013;2023-11-09;19:30;0060041;PEGOMAS 3;0060041;PEGOMAS 2; 1/3;20-25,25-23,12-25,20-25;77-98;ARNAUD BELTRAME;0;;;;0;;;;;
PTCA06;03;HPAA014;2023-11-09;19:30;0060049;PEYMEINADE 1;0069048;ASLM 3; 3/0;25-4,25-15,26-24;76-43;DAVID DOUILLET;0;;;;0;;;;;
PTCA06;03;HPAA015;2023-11-06;20:45;0060008;MLNVB 2;0063347;PDFVB 2; 3/1;25-18,25-23,23-25,25-17;98-83;MIMOSAS;0;;;;0;;;;;
PTCA06;04;HPAA016;2023-11-13;20:45;0060008;MLNVB 2;0063347;PDFVB 3; 3/0;25-18,25-9,25-16;75-43;MIMOSAS;0;;;;0;;;;;
PTCA06;04;HPAA017;2023-11-14;20:30;0063347;PDFVB 2;0060049;PEYMEINADE 1; 0/3;21-25,10-25,15-25;46-75;LEONARD DE VINCI;0;;;;0;;;;;
PTCA06;04;HPAA018;2023-11-16;19:30;0069048;ASLM 3;0060041;PEGOMAS 3; 3/1;25-13,21-25,25-15,25-17;96-70;GYMNASE JACQUELINE DE ROMILLY;0;;;;0;;;;;
PTCA06;04;HPAA019;2023-11-16;19:30;0060041;PEGOMAS 2;0060049;PEYMEINADE 2; 3/0;25-22,25-19,25-15;75-56;ARNAUD BELTRAME;0;;;;0;;;;;
PTCA06;04;HPAA020;2023-11-14;20:00;0069048;ASLM 2;0060008;MLNVB 3; 3/0;25-7,25-16,25-16;75-39;LES VALLERGUES CANNES;0;;;;0;;;;;
PTCA06;05;HPAA021;2023-11-21;20:30;0063347;PDFVB 3;0069048;ASLM 2; 0/3;12-25,22-25,12-25;46-75;LEONARD DE VINCI;0;;;;0;;;;;
PTCA06;05;HPAA022;2023-11-20;20:45;0060008;MLNVB 3;0060041;PEGOMAS 2; 0/3;18-25,17-25,22-25;57-75;MIMOSAS;0;;;;0;;;;;
PTCA06;05;HPAA023;2023-11-23;19:30;0060049;PEYMEINADE 2;0069048;ASLM 3;;;;DAVID DOUILLET;0;;;;0;;;;;
PTCA06;05;HPAA024;2023-11-23;19:30;0060041;PEGOMAS 3;0063347;PDFVB 2;;;;ARNAUD BELTRAME;0;;;;0;;;;;
PTCA06;05;HPAA025;2023-11-23;19:30;0060049;PEYMEINADE 1;0060008;MLNVB 2;;;;DAVID DOUILLET;0;;;;0;;;;;
PTCA06;06;HPAA026;2023-11-30;19:30;0060049;PEYMEINADE 1;0063347;PDFVB 3;;;;DAVID DOUILLET;0;;;;0;;;;;
PTCA06;06;HPAA027;2023-11-27;20:45;0060008;MLNVB 2;0060041;PEGOMAS 3;;;;MIMOSAS;0;;;;0;;;;;
PTCA06;06;HPAA028;2023-11-28;20:30;0063347;PDFVB 2;0060049;PEYMEINADE 2;;;;LEONARD DE VINCI;0;;;;0;;;;;
PTCA06;06;HPAA029;2023-11-30;19:30;0069048;ASLM 3;0060008;MLNVB 3;;;;GYMNASE JACQUELINE DE ROMILLY;0;;;;0;;;;;
PTCA06;06;HPAA030;2023-11-30;19:30;0060041;PEGOMAS 2;0069048;ASLM 2;;;;ARNAUD BELTRAME;0;;;;0;;;;;
PTCA06;07;HPAA031;2023-12-05;20:30;0063347;PDFVB 3;0060041;PEGOMAS 2;;;;LEONARD DE VINCI;0;;;;0;;;;;
PTCA06;07;HPAA032;2023-12-05;20:00;0069048;ASLM 2;0069048;ASLM 3;;;;LES VALLERGUES CANNES;0;;;;0;;;;;
PTCA06;07;HPAA033;2023-12-04;20:45;0060008;MLNVB 3;0063347;PDFVB 2;;;;MIMOSAS;0;;;;0;;;;;
PTCA06;07;HPAA034;2023-12-07;19:30;0060049;PEYMEINADE 2;0060008;MLNVB 2;;;;DAVID DOUILLET;0;;;;0;;;;;
PTCA06;07;HPAA035;2023-12-07;19:30;0060041;PEGOMAS 3;0060049;PEYMEINADE 1;;;;ARNAUD BELTRAME;0;;;;0;;;;;
PTCA06;08;HPAA036;2023-12-12;20:30;0063347;PDFVB 3;0060041;PEGOMAS 3;;;;LEONARD DE VINCI;0;;;;0;;;;;
PTCA06;08;HPAA037;2023-12-14;19:30;0060049;PEYMEINADE 1;0060049;PEYMEINADE 2;;;;DAVID DOUILLET;0;;;;0;;;;;
PTCA06;08;HPAA038;2023-12-11;20:45;0060008;MLNVB 2;0060008;MLNVB 3;;;;MIMOSAS;0;;;;0;;;;;
PTCA06;08;HPAA039;2023-12-12;20:30;0063347;PDFVB 2;0069048;ASLM 2;;;;LEONARD DE VINCI;0;;;;0;;;;;
PTCA06;08;HPAA040;2023-12-14;19:30;0069048;ASLM 3;0060041;PEGOMAS 2;;;;GYMNASE JACQUELINE DE ROMILLY;0;;;;0;;;;;
PTCA06;09;HPAA041;2023-12-21;19:30;0069048;ASLM 3;0063347;PDFVB 3;;;;GYMNASE JACQUELINE DE ROMILLY;0;;;;0;;;;;
PTCA06;09;HPAA042;2023-12-21;19:30;0060041;PEGOMAS 2;0063347;PDFVB 2;;;;ARNAUD BELTRAME;0;;;;0;;;;;
PTCA06;09;HPAA043;2023-12-19;20:00;0069048;ASLM 2;0060008;MLNVB 2;;;;LES VALLERGUES CANNES;0;;;;0;;;;;
PTCA06;09;HPAA044;2023-12-18;20:45;0060008;MLNVB 3;0060049;PEYMEINADE 1;;;;MIMOSAS;0;;;;0;;;;;
PTCA06;09;HPAA045;2023-12-21;19:30;0060049;PEYMEINADE 2;0060041;PEGOMAS 3;;;;DAVID DOUILLET;0;;;;0;;;;;
PTCA06;01;HPBA001;2023-10-19;19:45;0060007;AS CANNES VOLLEY-BALL;0062509;OAJLP 1; 3/F;25-0,25-0,25-0;75-0;COTEAUX;0;;;;0;;;;;
PTCA06;01;HPBA002;2023-10-18;20:00;0061297;RCC SKEMA;0060012;SPCOC 2; P/3;0-25,0-25,0-25;0-75;CARNOT;0;;;;0;;;;;
PTCA06;01;HPBA003;2023-10-18;19:30;0062509;OAJLP 2;0062509;OAJLP 3; 3/2;21-25,25-18,25-17,23-25,15-8;109-93;AUDIBERTI;0;;;;0;;;;;
PTCA06;01;HPBA004;2023-10-19;20:00;0060012;SPCOC 3;0068785;VENCE VB 2; 3/0;25-15,25-17,25-16;75-48;GYMNASE EMILIE FER;0;;;;0;;;;;
PTCA06;01;HPBA005;2023-10-16;20:15;0060044;BIOT VOLLEY-BALL;0060036;PGVB 2; 3/0;25-23,25-21,25-11;75-55;GYMNASE EGANAUDE;0;;;;0;;;;;
PTCA06;02;HPBA006;2023-11-06;20:15;0060044;BIOT VOLLEY-BALL;0062509;OAJLP 1; 3/P;25-0,25-0,25-0;75-0;GYMNASE EGANAUDE;0;;;;0;;;;;
PTCA06;02;HPBA007;2023-10-25;21:00;0060036;PGVB 2;0060012;SPCOC 3; 2/3;25-18,15-25,25-23,24-26,14-16;103-108;RENE FRIARD MOUANS SARTOUX;0;;;;0;;;;;
PTCA06;02;HPBA008;2023-10-25;20:30;0068785;VENCE VB 2;0062509;OAJLP 2; 0/3;9-25,15-25,16-25;40-75;FALCOZ;0;;;;0;;;;;
PTCA06;02;HPBA009;2023-11-07;19:30;0062509;OAJLP 3;0061297;RCC SKEMA; 3/1;24-26,25-14,25-20,25-22;99-82;AUDIBERTI;0;;;;0;;;;;
PTCA06;02;HPBA010;2023-10-24;19:45;0060007;AS CANNES VOLLEY-BALL;0060012;SPCOC 2; 3/0;25-11,25-14,25-15;75-40;COTEAUX;0;;;;0;;;;;
PTCA06;03;HPBA011;2023-11-10;19:30;0062509;OAJLP 1;0060012;SPCOC 2; 3/0;25-19,25-13,25-22;75-54;AUDIBERTI;0;;;;0;;;;;
PTCA06;03;HPBA012;2023-11-09;19:45;0060007;AS CANNES VOLLEY-BALL;0062509;OAJLP 3; 3/0;25-16,25-19,26-24;76-59;COTEAUX;0;;;;0;;;;;
PTCA06;03;HPBA013;2023-11-08;20:00;0061297;RCC SKEMA;0068785;VENCE VB 2; P/3;0-25,0-25,0-25;0-75;CARNOT;0;;;;0;;;;;
PTCA06;03;HPBA014;2023-11-08;19:30;0062509;OAJLP 2;0060036;PGVB 2; 2/3;25-21,25-20,23-25,22-25,12-15;107-106;AUDIBERTI;0;;;;0;;;;;
PTCA06;03;HPBA015;2023-11-09;20:00;0060012;SPCOC 3;0060044;BIOT VOLLEY-BALL; 0/3;24-26,13-25,21-25;58-76;GYMNASE EMILIE FER;0;;;;0;;;;;
PTCA06;04;HPBA016;2023-11-16;20:00;0060012;SPCOC 3;0062509;OAJLP 1; 3/0;25-21,25-21,26-24;76-66;GYMNASE EMILIE FER;0;;;;0;;;;;
PTCA06;04;HPBA017;2023-11-13;20:15;0060044;BIOT VOLLEY-BALL;0062509;OAJLP 2; 3/1;25-10,25-23,25-27,25-20;100-80;GYMNASE EGANAUDE;0;;;;0;;;;;
PTCA06;04;HPBA018;2023-11-15;21:00;0060036;PGVB 2;0061297;RCC SKEMA; 3/0;25-12,25-20,25-16;75-48;RENE FRIARD MOUANS SARTOUX;0;;;;0;;;;;
PTCA06;04;HPBA019;2023-11-15;20:30;0068785;VENCE VB 2;0060007;AS CANNES VOLLEY-BALL; 0/3;19-25,13-25,11-25;43-75;FALCOZ;0;;;;0;;;;;
PTCA06;04;HPBA020;2023-11-15;19:30;0062509;OAJLP 3;0060012;SPCOC 2; 3/2;22-25,22-25,25-17,25-20,15-13;109-100;AUDIBERTI;0;;;;0;;;;;
PTCA06;05;HPBA021;2023-11-24;19:30;0062509;OAJLP 1;0062509;OAJLP 3;;;;AUDIBERTI;0;;;;0;;;;;
PTCA06;05;HPBA022;2023-11-23;20:00;0060012;SPCOC 2;0068785;VENCE VB 2;;;;GYMNASE EMILIE FER;0;;;;0;;;;;
PTCA06;05;HPBA023;2023-11-23;19:45;0060007;AS CANNES VOLLEY-BALL;0060036;PGVB 2;;;;COTEAUX;0;;;;0;;;;;
PTCA06;05;HPBA024;2023-11-22;20:00;0061297;RCC SKEMA;0060044;BIOT VOLLEY-BALL;;;;CARNOT;0;;;;0;;;;;
PTCA06;05;HPBA025;2023-11-22;19:30;0062509;OAJLP 2;0060012;SPCOC 3;;;;AUDIBERTI;0;;;;0;;;;;
PTCA06;06;HPBA026;2023-11-29;19:30;0062509;OAJLP 2;0062509;OAJLP 1;;;;AUDIBERTI;0;;;;0;;;;;
PTCA06;06;HPBA027;2023-11-30;20:00;0060012;SPCOC 3;0061297;RCC SKEMA;;;;GYMNASE EMILIE FER;0;;;;0;;;;;
PTCA06;06;HPBA028;2023-11-27;20:15;0060044;BIOT VOLLEY-BALL;0060007;AS CANNES VOLLEY-BALL;;;;GYMNASE EGANAUDE;0;;;;0;;;;;
PTCA06;06;HPBA029;2023-11-29;21:00;0060036;PGVB 2;0060012;SPCOC 2;;;;RENE FRIARD MOUANS SARTOUX;0;;;;0;;;;;
PTCA06;06;HPBA030;2023-11-29;20:30;0068785;VENCE VB 2;0062509;OAJLP 3;;;;FALCOZ;0;;;;0;;;;;
PTCA06;07;HPBA031;2023-12-08;19:30;0062509;OAJLP 1;0068785;VENCE VB 2;;;;AUDIBERTI;0;;;;0;;;;;
PTCA06;07;HPBA032;2023-12-06;19:30;0062509;OAJLP 3;0060036;PGVB 2;;;;AUDIBERTI;0;;;;0;;;;;
PTCA06;07;HPBA033;2023-12-07;20:00;0060012;SPCOC 2;0060044;BIOT VOLLEY-BALL;;;;GYMNASE EMILIE FER;0;;;;0;;;;;
PTCA06;07;HPBA034;2023-12-07;19:45;0060007;AS CANNES VOLLEY-BALL;0060012;SPCOC 3;;;;COTEAUX;0;;;;0;;;;;
PTCA06;07;HPBA035;2023-12-06;20:00;0061297;RCC SKEMA;0062509;OAJLP 2;;;;CARNOT;0;;;;0;;;;;
PTCA06;08;HPBA036;2023-12-15;19:30;0062509;OAJLP 1;0061297;RCC SKEMA;;;;AUDIBERTI;0;;;;0;;;;;
PTCA06;08;HPBA037;2023-12-13;19:30;0062509;OAJLP 2;0060007;AS CANNES VOLLEY-BALL;;;;AUDIBERTI;0;;;;0;;;;;
PTCA06;08;HPBA038;2023-12-14;20:00;0060012;SPCOC 3;0060012;SPCOC 2;;;;GYMNASE EMILIE FER;0;;;;0;;;;;
PTCA06;08;HPBA039;2023-12-11;20:15;0060044;BIOT VOLLEY-BALL;0062509;OAJLP 3;;;;GYMNASE EGANAUDE;0;;;;0;;;;;
PTCA06;08;HPBA040;2023-12-13;21:00;0060036;PGVB 2;0068785;VENCE VB 2;;;;RENE FRIARD MOUANS SARTOUX;0;;;;0;;;;;
PTCA06;09;HPBA041;2023-12-18;20:30;0060036;PGVB 2;0062509;OAJLP 1;;;;FRIARD;0;;;;0;;;;;
PTCA06;09;HPBA042;2023-12-20;20:30;0068785;VENCE VB 2;0060044;BIOT VOLLEY-BALL;;;;FALCOZ;0;;;;0;;;;;
PTCA06;09;HPBA043;2023-12-20;19:30;0062509;OAJLP 3;0060012;SPCOC 3;;;;AUDIBERTI;0;;;;0;;;;;
PTCA06;09;HPBA044;2023-11-27;21:00;0060012;SPCOC 2;0062509;OAJLP 2;;;;GYMNASE EMILIE FER;0;;;;0;;;;;
PTCA06;09;HPBA045;2023-12-21;19:45;0060007;AS CANNES VOLLEY-BALL;0061297;RCC SKEMA;;;;COTEAUX;0;;;;0;;;;;
PTCA06;01;HPCA001;2023-11-17;20:30;0064168;VBSL 2;0060047;GROUPE AZUR INTER SPORTS NICE; 0/3;13-25,13-25,21-25;47-75;JOSEPH PAGNOL;0;;;;0;;;;;
PTCA06;01;HPCA002;2023-11-03;20:15;0066927;NICE VB 3;0064168;VBSL 3; 3/0;25-16,25-13,25-12;75-41;ESTIENNE D'ORVES;0;;;;0;;;;;
PTCA06;01;HPCA003;2023-10-16;20:45;0068669;ESVL 2;0062701;AS MONACO 2; 1/3;25-23,20-25,20-25,13-25;78-98;GRANELLE;0;;;;0;;;;;
PTCA06;01;HPCA004;2023-10-18;20:30;0064168;VBSL 1;0067689;US CAGNES 2; 0/3;13-25,13-25,15-25;41-75;SAINT EXUPERY;0;;;;0;;;;;
PTCA06;01;HPCA005;2023-10-18;20:00;0064512;ASPTT NICE 3;0068787;TRINITE 1; 2/3;25-17,26-24,23-25,10-25,10-15;94-106;MAGNOLIAS;0;;;;0;;;;;
PTCA06;02;HPCA006;2023-10-25;20:00;0064512;ASPTT NICE 3;0060047;GROUPE AZUR INTER SPORTS NICE; 2/3;20-25,25-23,25-20,14-25,13-15;97-108;MAGNOLIAS;0;;;;0;;;;;
PTCA06;02;HPCA007;2023-10-26;20:00;0068787;TRINITE 1;0064168;VBSL 1; 2/3;25-16,25-23,18-25,19-25,12-15;99-104;PALAIS DES SPORTS LA TRINITE;0;;;;0;;;;;
PTCA06;02;HPCA008;2023-10-23;20:30;0067689;US CAGNES 2;0068669;ESVL 2; 3/0;25-14,25-18,25-17;75-49;JULES VERNE;0;;;;0;;;;;
PTCA06;02;HPCA009;2023-10-24;20:00;0062701;AS MONACO 2;0066927;NICE VB 3; 3/2;22-25,25-13,25-18,18-25,15-12;105-93;LYCEE RAINIER III MONACO;0;;;;0;;;;;
PTCA06;02;HPCA010;2023-10-25;20:30;0064168;VBSL 3;0064168;VBSL 2; 3/1;20-25,25-17,25-16,25-23;95-81;SAINT EXUPERY;0;;;;0;;;;;
PTCA06;03;HPCA011;2023-11-10;20:30;0060047;GROUPE AZUR INTER SPORTS NICE;0064168;VBSL 3; 3/0;25-12,25-19,25-19;75-50;JOSEPH PAGNOL;0;;;;0;;;;;
PTCA06;03;HPCA012;2023-11-10;20:30;0064168;VBSL 2;0062701;AS MONACO 2; 0/3;18-25,5-25,6-25;29-75;JOSEPH PAGNOL;0;;;;0;;;;;
PTCA06;03;HPCA013;2023-11-10;20:15;0066927;NICE VB 3;0067689;US CAGNES 2; 3/0;25-15,25-14,27-25;77-54;ESTIENNE D'ORVES;0;;;;0;;;;;
PTCA06;03;HPCA014;2023-11-06;20:45;0068669;ESVL 2;0068787;TRINITE 1; 1/3;19-25,25-22,11-25,17-25;72-97;GRANELLE;0;;;;0;;;;;
PTCA06;03;HPCA015;2023-11-08;20:30;0064168;VBSL 1;0064512;ASPTT NICE 3; 1/3;20-25,11-25,25-16,25-27;81-93;SAINT EXUPERY;0;;;;0;;;;;
PTCA06;04;HPCA016;2023-11-15;20:30;0064168;VBSL 1;0060047;GROUPE AZUR INTER SPORTS NICE; 1/3;19-25,10-25,25-19,18-25;72-94;SAINT EXUPERY;0;;;;0;;;;;
PTCA06;04;HPCA017;2023-11-15;20:00;0064512;ASPTT NICE 3;0068669;ESVL 2; 3/0;25-22,25-21,25-20;75-63;MAGNOLIAS;0;;;;0;;;;;
PTCA06;04;HPCA018;2023-11-16;20:00;0068787;TRINITE 1;0066927;NICE VB 3; 2/3;25-18,21-25,25-20,23-25,13-15;107-103;PALAIS DES SPORTS LA TRINITE;0;;;;0;;;;;
PTCA06;04;HPCA019;2023-11-20;20:30;0067689;US CAGNES 2;0064168;VBSL 2; 3/0;25-12,25-5,25-7;75-24;JULES VERNE;0;;;;0;;;;;
PTCA06;04;HPCA020;2023-11-14;20:00;0062701;AS MONACO 2;0064168;VBSL 3; 3/0;25-11,25-8,25-12;75-31;LYCEE RAINIER III MONACO;0;;;;0;;;;;
PTCA06;05;HPCA021;2023-11-21;20:00;0060047;GROUPE AZUR INTER SPORTS NICE;0062701;AS MONACO 2; 1/3;25-21,17-25,21-25,25-27;88-98;LYCÉE RAINIER III MONACO;0;;;;0;;;;;
PTCA06;05;HPCA022;2023-11-24;20:30;0064168;VBSL 3;0067689;US CAGNES 2;;;;JOSEPH PAGNOL;0;;;;0;;;;;
PTCA06;05;HPCA023;2023-11-24;20:30;0064168;VBSL 2;0068787;TRINITE 1;;;;JOSEPH PAGNOL;0;;;;0;;;;;
PTCA06;05;HPCA024;2023-11-24;20:15;0066927;NICE VB 3;0064512;ASPTT NICE 3;;;;ESTIENNE D'ORVES;0;;;;0;;;;;
PTCA06;05;HPCA025;2023-11-20;20:45;0068669;ESVL 2;0064168;VBSL 1; 3/0;25-22,25-12,25-16;75-50;GRANELLE;0;;;;0;;;;;
PTCA06;06;HPCA026;2023-11-27;20:45;0068669;ESVL 2;0060047;GROUPE AZUR INTER SPORTS NICE;;;;GRANELLE;0;;;;0;;;;;
PTCA06;06;HPCA027;2023-11-29;20:30;0064168;VBSL 1;0066927;NICE VB 3;;;;SAINT EXUPERY;0;;;;0;;;;;
PTCA06;06;HPCA028;2023-11-29;20:00;0064512;ASPTT NICE 3;0064168;VBSL 2;;;;MAGNOLIAS;0;;;;0;;;;;
PTCA06;06;HPCA029;2023-11-30;20:00;0068787;TRINITE 1;0064168;VBSL 3;;;;PALAIS DES SPORTS LA TRINITE;0;;;;0;;;;;
PTCA06;06;HPCA030;2023-11-27;20:30;0067689;US CAGNES 2;0062701;AS MONACO 2;;;;JULES VERNE;0;;;;0;;;;;
PTCA06;07;HPCA031;2023-12-04;20:30;0060047;GROUPE AZUR INTER SPORTS NICE;0067689;US CAGNES 2;;;;JULES VERNE;0;;;;0;;;;;
PTCA06;07;HPCA032;2023-12-05;20:00;0062701;AS MONACO 2;0068787;TRINITE 1;;;;LYCEE RAINIER III MONACO;0;;;;0;;;;;
PTCA06;07;HPCA033;2023-12-08;20:30;0064168;VBSL 3;0064512;ASPTT NICE 3;;;;SAINT EXUPERY;0;;;;0;;;;;
PTCA06;07;HPCA034;2023-12-08;20:30;0064168;VBSL 2;0064168;VBSL 1;;;;SAINT EXUPERY;0;;;;0;;;;;
PTCA06;07;HPCA035;2023-12-08;20:15;0066927;NICE VB 3;0068669;ESVL 2;;;;ESTIENNE D'ORVES;0;;;;0;;;;;
PTCA06;08;HPCA036;2023-12-15;20:15;0060047;GROUPE AZUR INTER SPORTS NICE;0066927;NICE VB 3;;;;ESTIENNE D'ORVES;0;;;;0;;;;;
PTCA06;08;HPCA037;2023-12-11;20:45;0068669;ESVL 2;0064168;VBSL 2;;;;GRANELLE;0;;;;0;;;;;
PTCA06;08;HPCA038;2023-12-13;20:30;0064168;VBSL 1;0064168;VBSL 3;;;;SAINT EXUPERY;0;;;;0;;;;;
PTCA06;08;HPCA039;2023-12-13;20:00;0064512;ASPTT NICE 3;0062701;AS MONACO 2;;;;MAGNOLIAS;0;;;;0;;;;;
PTCA06;08;HPCA040;2023-12-14;20:00;0068787;TRINITE 1;0067689;US CAGNES 2;;;;PALAIS DES SPORTS LA TRINITE;0;;;;0;;;;;
PTCA06;09;HPCA041;2023-12-21;20:00;0068787;TRINITE 1;0060047;GROUPE AZUR INTER SPORTS NICE;;;;PALAIS DES SPORTS LA TRINITE;0;;;;0;;;;;
PTCA06;09;HPCA042;2023-12-18;20:30;0067689;US CAGNES 2;0064512;ASPTT NICE 3;;;;JULES VERNE;0;;;;0;;;;;
PTCA06;09;HPCA043;2023-12-19;20:00;0062701;AS MONACO 2;0064168;VBSL 1;;;;LYCEE RAINIER III MONACO;0;;;;0;;;;;
PTCA06;09;HPCA044;2023-12-22;20:30;0064168;VBSL 3;0068669;ESVL 2;;;;JOSEPH PAGNOL;0;;;;0;;;;;
PTCA06;09;HPCA045;2023-12-22;20:30;0064168;VBSL 2;0066927;NICE VB 3;;;;JOSEPH PAGNOL;0;;;;0;;;;;
PTCA06;01;MFAA001;2023-11-11;13:00;0067686;VOLERO LC 2;0060036;PAYS DE GRASSE VOLLEY-BALL; 3/0;25-22,25-21,25-21;75-64;MAILLAN;0;;;;0;;;;;
PTCA06;01;MFAA002;2023-11-12;14:00;0060048;MCAVB 1;0060048;MCAVB 2; 3/2;18-25,17-25,25-16,25-20,15-13;100-99;GYMNASE ROGER DUHALDE;382432;BENHAMOU MARC;PROVENCE-ALPES-CÔTE D’AZUR;Alpes-Maritimes;0;;;;;
PTCA06;01;MFAA003;2023-11-12;13:00;0068779;CLUB OMNISPORTS DE VALBONNE;0061297;RC CANNES 2; 0/3;11-25,2-25,11-25;24-75;COLLEGE EGANAUDE;0;;;;0;;;;;
PTCA06;02;MFAA004;2023-11-19;16:00;0068779;CLUB OMNISPORTS DE VALBONNE;0060036;PAYS DE GRASSE VOLLEY-BALL; 2/3;25-20,25-19,16-25,8-25,10-15;84-104;COLLEGE EGANAUDE;0;;;;0;;;;;
PTCA06;02;MFAA005;2023-11-18;14:00;0061297;RC CANNES 2;0060048;MCAVB 1; 3/0;25-12,25-10,25-17;75-39;CARNOT;0;;;;0;;;;;
PTCA06;02;MFAA006;2023-11-18;14:00;0060048;MCAVB 2;0067686;VOLERO LC 2; 0/3;18-25,10-25,17-25;45-75;GYMNASE ROGER DUHALDE;0;;;;0;;;;;
PTCA06;03;MFAA007;2023-11-26;14:00;0060036;PAYS DE GRASSE VOLLEY-BALL;0060048;MCAVB 2;;;;SALLE OMNISPORTS;0;;;;0;;;;;
PTCA06;03;MFAA008;2023-11-25;17:30;0067686;VOLERO LC 2;0061297;RC CANNES 2;;;;MAILLAN;0;;;;0;;;;;
PTCA06;03;MFAA009;2023-11-26;11:00;0060048;MCAVB 1;0068779;CLUB OMNISPORTS DE VALBONNE;;;;GYMNASE ROGER DUHALDE;0;;;;0;;;;;
PTCA06;04;MFAA010;2023-12-02;14:00;0060048;MCAVB 1;0060036;PAYS DE GRASSE VOLLEY-BALL;;;;GYMNASE ROGER DUHALDE;0;;;;0;;;;;
PTCA06;04;MFAA011;2023-12-03;16:00;0068779;CLUB OMNISPORTS DE VALBONNE;0067686;VOLERO LC 2;;;;COLLEGE EGANAUDE;0;;;;0;;;;;
PTCA06;04;MFAA012;2023-12-02;12:00;0061297;RC CANNES 2;0060048;MCAVB 2;;;;CARNOT;0;;;;0;;;;;
PTCA06;05;MFAA013;2023-12-17;14:00;0060036;PAYS DE GRASSE VOLLEY-BALL;0061297;RC CANNES 2;;;;SALLE OMNISPORTS;0;;;;0;;;;;
PTCA06;05;MFAA014;2023-12-17;11:00;0060048;MCAVB 2;0068779;CLUB OMNISPORTS DE VALBONNE;;;;GYMNASE ROGER DUHALDE;0;;;;0;;;;;
PTCA06;05;MFAA015;2023-12-17;16:00;0067686;VOLERO LC 2;0060048;MCAVB 1;;;;MAILLAN LE CANNET;0;;;;0;;;;;
PTCA06;01;MFBA001;2023-11-11;00:00;0062701;AS MONACO 1;;xxxxx;;;;MONEGHETTI;0;;;;0;;;;;
PTCA06;01;MFBA002;2023-11-12;10:00;0066927;NICE VOLLEY-BALL;0062509;OLYMPIQUES ANTIBES JUAN PINS; 3/2;21-25,25-18,25-23,22-25,15-12;108-103;GIAMARCHI;0;;;;0;;;;;
PTCA06;01;MFBA003;2023-11-12;16:00;0062701;AS MONACO 2;0068669;ETOILE SPORTIVE DE VILLENEUVE; 0/3;12-25,10-25,13-25;35-75;MONEGHETTI;0;;;;0;;;;;
PTCA06;02;MFBA004;2023-11-18;00:00;0062701;AS MONACO 2;;xxxxx;;;;MONEGHETTI;0;;;;0;;;;;
PTCA06;02;MFBA005;2023-11-18;14:00;0068669;ETOILE SPORTIVE DE VILLENEUVE;0066927;NICE VOLLEY-BALL; 2/3;15-25,21-25,25-19,25-19,12-15;98-103;ROMEE;0;;;;0;;;;;
PTCA06;02;MFBA006;2023-11-19;15:30;0062509;OLYMPIQUES ANTIBES JUAN PINS;0062701;AS MONACO 1; 0/3;10-25,2-25,9-25;21-75;BERTONE;0;;;;0;;;;;
PTCA06;03;MFBA007;2023-11-25;00:00;;xxxxx;0062509;OLYMPIQUES ANTIBES JUAN PINS;;;;;0;;;;0;;;;;
PTCA06;03;MFBA008;2023-11-26;14:00;0062701;AS MONACO 1;0068669;ETOILE SPORTIVE DE VILLENEUVE;;;;MONEGHETTI;0;;;;0;;;;;
PTCA06;03;MFBA009;2023-11-25;16:00;0066927;NICE VOLLEY-BALL;0062701;AS MONACO 2;;;;ESTIENNE D'ORVES NICE;0;;;;0;;;;;
PTCA06;04;MFBA010;2023-12-02;00:00;0066927;NICE VOLLEY-BALL;;xxxxx;;;;GIAMARCHI;0;;;;0;;;;;
PTCA06;04;MFBA011;2023-12-03;16:00;0062701;AS MONACO 2;0062701;AS MONACO 1;;;;MONEGHETTI;0;;;;0;;;;;
PTCA06;04;MFBA012;2023-12-02;14:00;0068669;ETOILE SPORTIVE DE VILLENEUVE;0062509;OLYMPIQUES ANTIBES JUAN PINS;;;;ROMEE;0;;;;0;;;;;
PTCA06;05;MFBA013;2023-12-16;00:00;;xxxxx;0068669;ETOILE SPORTIVE DE VILLENEUVE;;;;;0;;;;0;;;;;
PTCA06;05;MFBA014;2023-12-16;14:00;0062509;OLYMPIQUES ANTIBES JUAN PINS;0062701;AS MONACO 2;;;;BERTONE;0;;;;0;;;;;
PTCA06;05;MFBA015;2023-12-16;15:00;0062701;AS MONACO 1;0066927;NICE VOLLEY-BALL;;;;MONEGHETTI;0;;;;0;;;;;
PTCA06;01;MM1A001;2023-11-11;17:00;0060007;AS CANNES 1;0067689;US CAGNES VOLLEY-BALL; 3/0;25-17,25-14,25-9;75-40;COTEAUX;2147967;HANOTEL CHARLY;PROVENCE-ALPES-CÔTE D’AZUR;Alpes-Maritimes;0;;;;;
PTCA06;01;MM1A002;2023-11-12;13:30;0060036;PAYS DE GRASSE VOLLEY-BALL;0060007;AS CANNES 2; 0/3;14-25,18-25,15-25;47-75;SALLE OMNISPORTS;0;;;;0;;;;;
PTCA06;01;MM1A003;2023-11-11;14:00;0062509;OLYMPIQUES ANTIBES JUAN PINS;0060008;MANDELIEU LA NAPOULE V.B.; 1/3;25-21,22-25,22-25,23-25;92-96;BERTONE;0;;;;0;;;;;
PTCA06;02;MM1A004;2023-11-18;14:00;0062509;OLYMPIQUES ANTIBES JUAN PINS;0067689;US CAGNES VOLLEY-BALL; 0/3;23-25,6-25,22-25;51-75;BERTONE;0;;;;0;;;;;
PTCA06;02;MM1A005;2023-11-18;15:00;0060008;MANDELIEU LA NAPOULE V.B.;0060036;PAYS DE GRASSE VOLLEY-BALL; 2/3;25-16,25-13,12-25,20-25,14-16;96-95;MIMOSAS;0;;;;0;;;;;
PTCA06;02;MM1A006;2023-11-17;18:00;0060007;AS CANNES 2;0060007;AS CANNES 1; 0/3;16-25,24-26,22-25;62-76;COTEAUX;2147967;HANOTEL CHARLY;PROVENCE-ALPES-CÔTE D’AZUR;Alpes-Maritimes;0;;;;;
PTCA06;03;MM1A007;2023-11-26;14:00;0067689;US CAGNES VOLLEY-BALL;0060007;AS CANNES 2;;;;JULES VERNE;0;;;;0;;;;;
PTCA06;03;MM1A008;2023-11-25;17:00;0060007;AS CANNES 1;0060008;MANDELIEU LA NAPOULE V.B.;;;;COTEAUX;0;;;;0;;;;;
PTCA06;03;MM1A009;2023-11-25;14:00;0060036;PAYS DE GRASSE VOLLEY-BALL;0062509;OLYMPIQUES ANTIBES JUAN PINS;;;;SALLE OMNISPORTS;0;;;;0;;;;;
PTCA06;04;MM1A010;2023-12-02;14:00;0060036;PAYS DE GRASSE VOLLEY-BALL;0067689;US CAGNES VOLLEY-BALL;;;;RENE FRIARD;0;;;;0;;;;;
PTCA06;04;MM1A011;2023-12-02;14:00;0062509;OLYMPIQUES ANTIBES JUAN PINS;0060007;AS CANNES 1;;;;BERTONE;0;;;;0;;;;;
PTCA06;04;MM1A012;2023-12-02;16:00;0060008;MANDELIEU LA NAPOULE V.B.;0060007;AS CANNES 2;;;;MIMOSAS;0;;;;0;;;;;
PTCA06;05;MM1A013;2023-12-16;17:00;0067689;US CAGNES VOLLEY-BALL;0060008;MANDELIEU LA NAPOULE V.B.;;;;JULES VERNE;0;;;;0;;;;;
PTCA06;05;MM1A014;2023-12-09;15:00;0060007;AS CANNES 2;0062509;OLYMPIQUES ANTIBES JUAN PINS;;;;COTEAUX;0;;;;0;;;;;
PTCA06;05;MM1A015;2023-12-09;13:00;0060007;AS CANNES 1;0060036;PAYS DE GRASSE VOLLEY-BALL;;;;COTEAUX;0;;;;0;;;;;
PTCA06;01;SFDA001;2023-10-15;00:00;0060036;PAYS DE GRASSE M21;;xxxxx;;;;SALLE OMNISPORTS;0;;;;0;;;;;
PTCA06;01;SFDA002;2023-10-14;20:00;0066927;NICE VOLLEY-BALL;0068779;CLUB OMNISPORTS DE VALBONNE; 3/0;25-10,25-15,25-19;75-44;GIAMARCHI;1828502;ALBERT DAVID;PROVENCE-ALPES-CÔTE D’AZUR;Alpes-Maritimes;0;;;;;
PTCA06;01;SFDA003;2023-10-14;20:00;0060048;MOUGINS COTE D'AZUR VOLLEY-BALL;0062509;OAJLP 2; 3/F;25-0,25-0,25-0;75-0;GYMNASE ROGER DUHALDE;1949313;TOMOU RONAN;PROVENCE-ALPES-CÔTE D’AZUR;Alpes-Maritimes;0;;;;;
PTCA06;01;SFDA004;2023-10-14;18:00;0067686;VOLERO LE CANNET COTE D'AZUR;0067689;US CAGNES VOLLEY-BALL; 3/0;25-17,25-15,25-21;75-53;MAILLAN;1450384;CHAMKHIA SABRINA;PROVENCE-ALPES-CÔTE D’AZUR;Alpes-Maritimes;0;;;;;
PTCA06;01;SFDA005;2023-10-14;16:00;0062509;OAJLP 1;0060008;MANDELIEU LA NAPOULE V.B.; 2/3;26-28,18-25,25-16,25-15,11-15;105-99;BERTONE;1340126;DELOUVRIER STEPHANIE;PROVENCE-ALPES-CÔTE D’AZUR;Alpes-Maritimes;0;;;;;
PTCA06;02;SFDA006;2023-10-22;00:00;0062509;OAJLP 1;;xxxxx;;;;BERTONE;0;;;;0;;;;;
PTCA06;02;SFDA007;2023-10-21;18:00;0060008;MANDELIEU LA NAPOULE V.B.;0067686;VOLERO LE CANNET COTE D'AZUR; 0/3;18-25,15-25,18-25;51-75;MIMOSAS;1568325;TOUSSAINT ANDRE-LUC;PROVENCE-ALPES-CÔTE D’AZUR;Alpes-Maritimes;0;;;;;
PTCA06;02;SFDA008;2023-10-22;14:30;0067689;US CAGNES VOLLEY-BALL;0060048;MOUGINS COTE D'AZUR VOLLEY-BALL; 3/0;25-15,25-19,25-16;75-50;JULES VERNE;1568325;TOUSSAINT ANDRE-LUC;PROVENCE-ALPES-CÔTE D’AZUR;Alpes-Maritimes;0;;;;;
PTCA06;02;SFDA009;2023-10-21;18:00;0062509;OAJLP 2;0066927;NICE VOLLEY-BALL; F/3;0-25,0-25,0-25;0-75;BERTONE;1949313;TOMOU RONAN;PROVENCE-ALPES-CÔTE D’AZUR;Alpes-Maritimes;0;;;;;
PTCA06;02;SFDA010;2023-10-22;16:00;0068779;CLUB OMNISPORTS DE VALBONNE;0060036;PAYS DE GRASSE M21; 3/1;21-25,25-23,25-22,25-21;96-91;COLLEGE EGANAUDE;1340126;DELOUVRIER STEPHANIE;PROVENCE-ALPES-CÔTE D’AZUR;Alpes-Maritimes;0;;;;;
PTCA06;03;SFDA011;2023-11-12;00:00;;xxxxx;0068779;CLUB OMNISPORTS DE VALBONNE;;;;;0;;;;0;;;;;
PTCA06;03;SFDA012;2023-11-09;20:00;0060036;PAYS DE GRASSE M21;0062509;OAJLP 2; 3/0;25-15,25-15,25-14;75-44;SALLE OMNISPORTS;2367380;LEBONNOIS NOAM;PROVENCE-ALPES-CÔTE D’AZUR;Alpes-Maritimes;0;;;;;
PTCA06;03;SFDA013;2023-11-11;17:30;0066927;NICE VOLLEY-BALL;0067689;US CAGNES VOLLEY-BALL; 3/0;25-13,25-18,25-19;75-50;GIAMARCHI;1956542;TORRE PIETRO;PROVENCE-ALPES-CÔTE D’AZUR;Alpes-Maritimes;0;;;;;
PTCA06;03;SFDA014;2023-11-11;20:00;0060048;MOUGINS COTE D'AZUR VOLLEY-BALL;0060008;MANDELIEU LA NAPOULE V.B.; 0/3;22-25,19-25,25-27;66-77;GYMNASE ROGER DUHALDE;2509652;BERZA JETHRO;PROVENCE-ALPES-CÔTE D’AZUR;Alpes-Maritimes;0;;;;;
PTCA06;03;SFDA015;2023-11-11;17:00;0067686;VOLERO LE CANNET COTE D'AZUR;0062509;OAJLP 1; 0/3;16-25,23-25,19-25;58-75;TAMBAY;1340126;DELOUVRIER STEPHANIE;PROVENCE-ALPES-CÔTE D’AZUR;Alpes-Maritimes;0;;;;;
PTCA06;04;SFDA016;2023-11-19;00:00;0067686;VOLERO LE CANNET COTE D'AZUR;;xxxxx;;;;MAILLAN;0;;;;0;;;;;
PTCA06;04;SFDA017;2023-11-17;20:30;0062509;OAJLP 1;0060048;MOUGINS COTE D'AZUR VOLLEY-BALL; 3/0;25-12,25-22,25-18;75-52;BERTONE;327130;GABRIELE JEAN-CLAUDE;PROVENCE-ALPES-CÔTE D’AZUR;Alpes-Maritimes;0;;;;;
PTCA06;04;SFDA018;2023-11-18;20:00;0060008;MANDELIEU LA NAPOULE V.B.;0066927;NICE VOLLEY-BALL; 0/3;15-25,19-25,11-25;45-75;MIMOSAS;2509652;BERZA JETHRO;PROVENCE-ALPES-CÔTE D’AZUR;Alpes-Maritimes;0;;;;;
PTCA06;04;SFDA019;2023-11-19;14:30;0067689;US CAGNES VOLLEY-BALL;0060036;PAYS DE GRASSE M21; 1/3;20-25,15-25,25-16,19-25;79-91;JULES VERNE;1774713;RAMBAUD JORDAN;PROVENCE-ALPES-CÔTE D’AZUR;Alpes-Maritimes;0;;;;;
PTCA06;04;SFDA020;2023-11-19;13:30;0062509;OAJLP 2;0068779;CLUB OMNISPORTS DE VALBONNE; 0/3;8-25,13-25,21-25;42-75;BERTONE;2509652;BERZA JETHRO;PROVENCE-ALPES-CÔTE D’AZUR;Alpes-Maritimes;0;;;;;
PTCA06;05;SFDA021;2023-11-26;00:00;;xxxxx;0062509;OAJLP 2;;;;;0;;;;0;;;;;
PTCA06;05;SFDA022;2023-11-26;16:00;0068779;CLUB OMNISPORTS DE VALBONNE;0067689;US CAGNES VOLLEY-BALL;;;;COLLEGE EGANAUDE;2509652;BERZA JETHRO;PROVENCE-ALPES-CÔTE D’AZUR;Alpes-Maritimes;0;;;;;
PTCA06;05;SFDA023;2023-11-25;17:30;0060036;PAYS DE GRASSE M21;0060008;MANDELIEU LA NAPOULE V.B.;;;;SALLE OMNISPORTS;1436147;MORILLON LAURENT;PROVENCE-ALPES-CÔTE D’AZUR;Alpes-Maritimes;0;;;;;
PTCA06;05;SFDA024;2023-11-26;18:00;0066927;NICE VOLLEY-BALL;0062509;OAJLP 1;;;;GIAMARCHI;1568325;TOUSSAINT ANDRE-LUC;PROVENCE-ALPES-CÔTE D’AZUR;Alpes-Maritimes;0;;;;;
PTCA06;05;SFDA025;2023-11-26;14:00;0060048;MOUGINS COTE D'AZUR VOLLEY-BALL;0067686;VOLERO LE CANNET COTE D'AZUR;;;;GYMNASE ROGER DUHALDE;1450384;CHAMKHIA SABRINA;PROVENCE-ALPES-CÔTE D’AZUR;Alpes-Maritimes;0;;;;;
PTCA06;06;SFDA026;2023-12-03;00:00;0060048;MOUGINS COTE D'AZUR VOLLEY-BALL;;xxxxx;;;;GYMNASE ROGER DUHALDE;0;;;;0;;;;;
PTCA06;06;SFDA027;2023-12-03;14:00;0067686;VOLERO LE CANNET COTE D'AZUR;0066927;NICE VOLLEY-BALL;;;;MAILLAN;1450384;CHAMKHIA SABRINA;PROVENCE-ALPES-CÔTE D’AZUR;Alpes-Maritimes;0;;;;;
PTCA06;06;SFDA028;2023-11-29;20:30;0062509;OAJLP 1;0060036;PAYS DE GRASSE M21;;;;BERTONE;2361876;THIRION REMY;PROVENCE-ALPES-CÔTE D’AZUR;Alpes-Maritimes;862771;LAMY STEPHANE;PROVENCE-ALPES-CÔTE D’AZUR;Alpes-Maritimes;;
PTCA06;06;SFDA029;2023-12-03;14:30;0060008;MANDELIEU LA NAPOULE V.B.;0068779;CLUB OMNISPORTS DE VALBONNE;;;;MIMOSAS;1763098;PERDOUX INGRID;PROVENCE-ALPES-CÔTE D’AZUR;Alpes-Maritimes;0;;;;;
PTCA06;06;SFDA030;2023-12-02;17:00;0067689;US CAGNES VOLLEY-BALL;0062509;OAJLP 2;;;;JULES VERNE;1949313;TOMOU RONAN;PROVENCE-ALPES-CÔTE D’AZUR;Alpes-Maritimes;0;;;;;
PTCA06;07;SFDA031;2023-12-10;00:00;;xxxxx;0067689;US CAGNES VOLLEY-BALL;;;;;0;;;;0;;;;;
PTCA06;07;SFDA032;2023-12-09;18:00;0062509;OAJLP 2;0060008;MANDELIEU LA NAPOULE V.B.;;;;BERTONE;0;;;;0;;;;;
PTCA06;07;SFDA033;2023-12-08;20:30;0068779;CLUB OMNISPORTS DE VALBONNE;0062509;OAJLP 1;;;;COLLEGE EGANAUDE;0;;;;0;;;;;
PTCA06;07;SFDA034;2023-12-09;17:30;0060036;PAYS DE GRASSE M21;0067686;VOLERO LE CANNET COTE D'AZUR;;;;SALLE OMNISPORTS;0;;;;0;;;;;
PTCA06;07;SFDA035;2023-12-10;18:00;0066927;NICE VOLLEY-BALL;0060048;MOUGINS COTE D'AZUR VOLLEY-BALL;;;;GIAMARCHI;0;;;;0;;;;;
PTCA06;08;SFDA036;2023-12-17;00:00;;xxxxx;0066927;NICE VOLLEY-BALL;;;;;0;;;;0;;;;;
PTCA06;08;SFDA037;2023-12-17;14:00;0060048;MOUGINS COTE D'AZUR VOLLEY-BALL;0060036;PAYS DE GRASSE M21;;;;GYMNASE ROGER DUHALDE;0;;;;0;;;;;
PTCA06;08;SFDA038;2023-12-16;17:00;0067686;VOLERO LE CANNET COTE D'AZUR;0068779;CLUB OMNISPORTS DE VALBONNE;;;;TAMBAY;0;;;;0;;;;;
PTCA06;08;SFDA039;2023-12-15;20:30;0062509;OAJLP 1;0062509;OAJLP 2;;;;BERTONE;0;;;;0;;;;;
PTCA06;08;SFDA040;2023-12-17;17:00;0060008;MANDELIEU LA NAPOULE V.B.;0067689;US CAGNES VOLLEY-BALL;;;;MIMOSAS;0;;;;0;;;;;
PTCA06;09;SFDA041;2023-01-14;00:00;0060008;MANDELIEU LA NAPOULE V.B.;;xxxxx;;;;MIMOSAS;0;;;;0;;;;;
PTCA06;09;SFDA042;2024-01-12;20:00;0067689;US CAGNES VOLLEY-BALL;0062509;OAJLP 1;;;;JULES VERNE;0;;;;0;;;;;
PTCA06;09;SFDA043;2024-01-13;18:00;0062509;OAJLP 2;0067686;VOLERO LE CANNET COTE D'AZUR;;;;BERTONE;0;;;;0;;;;;
PTCA06;09;SFDA044;2024-01-14;16:00;0068779;CLUB OMNISPORTS DE VALBONNE;0060048;MOUGINS COTE D'AZUR VOLLEY-BALL;;;;COLLEGE EGANAUDE;0;;;;0;;;;;
PTCA06;09;SFDA045;2024-01-14;00:00;0060036;PAYS DE GRASSE M21;0066927;NICE VOLLEY-BALL;;;;SALLE OMNISPORTS;0;;;;0;;;;;
PTCA06;01;SM1A001;2023-10-15;17:00;0062509;OLYMPIQUES ANTIBES JUAN PINS;0060050;PHENIX MARITIMUM VOLLEY; 0/3;7-25,13-25,8-25;28-75;BERTONE;1917553;LORENZELLI NICOLAS;PROVENCE-ALPES-CÔTE D’AZUR;Alpes-Maritimes;0;;;;;
PTCA06;01;SM1A002;2023-10-14;17:00;0066927;NICE VOLLEY-BALL M21;0060007;AS CANNES VOLLEY-BALL M21; 3/0;25-19,25-17,25-14;75-50;GIAMARCHI;1828502;ALBERT DAVID;PROVENCE-ALPES-CÔTE D’AZUR;Alpes-Maritimes;0;;;;;
PTCA06;01;SM1A003;2023-10-21;17:00;0062701;ASS SPORTIVE DE MONACO M21;0064512;ASPTT NICE; 1/3;19-25,25-22,24-26,23-25;91-98;MONEGHETTI;327130;GABRIELE JEAN-CLAUDE;PROVENCE-ALPES-CÔTE D’AZUR;Alpes-Maritimes;0;;;;;
PTCA06;02;SM1A004;2023-11-11;17:30;0062701;ASS SPORTIVE DE MONACO M21;0060050;PHENIX MARITIMUM VOLLEY; 1/3;24-26,13-25,25-22,10-25;72-98;MONEGHETTI;1828502;ALBERT DAVID;PROVENCE-ALPES-CÔTE D’AZUR;Alpes-Maritimes;0;;;;;
PTCA06;02;SM1A005;2023-11-12;14:00;0064512;ASPTT NICE;0066927;NICE VOLLEY-BALL M21; 3/1;15-25,25-19,35-33,25-20;100-97;MAGNOLIAS;1774713;RAMBAUD JORDAN;PROVENCE-ALPES-CÔTE D’AZUR;Alpes-Maritimes;0;;;;;
PTCA06;02;SM1A006;2023-11-11;19:30;0060007;AS CANNES VOLLEY-BALL M21;0062509;OLYMPIQUES ANTIBES JUAN PINS; 3/1;25-18,21-25,25-14,25-15;96-72;COTEAUX;1861007;RANCHAL DORIAN;PROVENCE-ALPES-CÔTE D’AZUR;Alpes-Maritimes;0;;;;;
PTCA06;03;SM1A007;2023-11-25;20:00;0060050;PHENIX MARITIMUM VOLLEY;0060007;AS CANNES VOLLEY-BALL M21;;;;CESAR;1763098;PERDOUX INGRID;PROVENCE-ALPES-CÔTE D’AZUR;Alpes-Maritimes;0;;;;;
PTCA06;03;SM1A008;2023-11-25;18:00;0062509;OLYMPIQUES ANTIBES JUAN PINS;0064512;ASPTT NICE;;;;BERTONE;1955089;THODENIUS MICHELLE;PROVENCE-ALPES-CÔTE D’AZUR;Alpes-Maritimes;0;;;;;
PTCA06;03;SM1A009;2023-11-26;11:00;0066927;NICE VOLLEY-BALL M21;0062701;ASS SPORTIVE DE MONACO M21;;;;GIAMARCHI;1949313;TOMOU RONAN;PROVENCE-ALPES-CÔTE D’AZUR;Alpes-Maritimes;0;;;;;
PTCA06;04;SM1A010;2023-12-03;11:00;0066927;NICE VOLLEY-BALL M21;0060050;PHENIX MARITIMUM VOLLEY;;;;GIAMARCHI;0;;;;0;;;;;
PTCA06;04;SM1A011;2023-12-02;15:00;0062701;ASS SPORTIVE DE MONACO M21;0062509;OLYMPIQUES ANTIBES JUAN PINS;;;;MONEGHETTI;0;;;;0;;;;;
PTCA06;04;SM1A012;2023-12-16;18:00;0064512;ASPTT NICE;0060007;AS CANNES VOLLEY-BALL M21;;;;MAGNOLIAS;0;;;;0;;;;;
PTCA06;05;SM1A013;2023-12-10;16:00;0060050;PHENIX MARITIMUM VOLLEY;0064512;ASPTT NICE;;;;CESAR;0;;;;0;;;;;
PTCA06;05;SM1A014;2023-12-09;17:30;0060007;AS CANNES VOLLEY-BALL M21;0062701;ASS SPORTIVE DE MONACO M21;;;;COTEAUX;0;;;;0;;;;;
PTCA06;05;SM1A015;2023-12-09;20:00;0062509;OLYMPIQUES ANTIBES JUAN PINS;0066927;NICE VOLLEY-BALL M21;;;;BERTONE;0;;;;0;;;;;
